Workbook
Name CombinationNames: ΣυνδΑθρ!$A$2:INDEX(ΣυνδΑθρ!$A:$A,MATCH(0,ΣυνδΑθρ!$A$2:$A$100,0))
Name CombinationNamesSorted: OFFSET(Ref!$F$1,1,0,COUNTIF(ΣυνδΑθρ!$A:$A,"?*")-1,1)
Name ItemNames: OFFSET(Ref!$D$1,1,0,MAX(Υλικά!$A:$A),1)
Name ItemNamesSorted: OFFSET(Ref!$E$1,1,0,MAX(Υλικά!$A:$A),1)

Sheet Ref
B1: Kcal/gr | D1: Υλικά | E1: Υλικά Sorted | F1: Συνδυασμοί Sorted
A2: Protein | B2: 4 | D2: =IFERROR(INDEX(Υλικά!$B$2:$B$140,MATCH(ROW()-ROW($D$1),Υλικά!$A$2:$A$140,0)),"") -> Μελιτζάνες | E2: {=IF(COUNTA(ItemNames)>=ROWS($E$1:E1),INDEX(ItemNames,MATCH(SMALL(COUNTIF(ItemNames,"<"&ItemNames),ROW(E1)),COUNTIF(ItemNames,"<"&ItemNames),0)),"")} -> Bresaola Negroni | F2: {=IF(COUNTA(CombinationNames)>=ROWS($F$1:F1),INDEX(CombinationNames,MATCH(SMALL(COUNTIF(CombinationNames,"<"&CombinationNames),ROW(F1)),COUNTIF(CombinationNames,"<"&CombinationNames),0)),"")} -> Banana bread
A3: Carb | B3: 4 | D3: =IFERROR(INDEX(Υλικά!$B$2:$B$140,MATCH(ROW()-ROW($D$1),Υλικά!$A$2:$A$140,0)),"") -> Κρεμμύδι | E3: {=IF(COUNTA(ItemNames)>=ROWS($E$1:E2),INDEX(ItemNames,MATCH(SMALL(COUNTIF(ItemNames,"<"&ItemNames),ROW(E2)),COUNTIF(ItemNames,"<"&ItemNames),0)),"")} -> Cottage Cheese AB | F3: {=IF(COUNTA(CombinationNames)>=ROWS($F$1:F2),INDEX(CombinationNames,MATCH(SMALL(COUNTIF(CombinationNames,"<"&CombinationNames),ROW(F2)),COUNTIF(CombinationNames,"<"&CombinationNames),0)),"")} -> Carrot Cake Κολοβέρου
A4: Fat | B4: 9 | D4: =IFERROR(INDEX(Υλικά!$B$2:$B$140,MATCH(ROW()-ROW($D$1),Υλικά!$A$2:$A$140,0)),"") -> Ελαιόλαδο | E4: {=IF(COUNTA(ItemNames)>=ROWS($E$1:E3),INDEX(ItemNames,MATCH(SMALL(COUNTIF(ItemNames,"<"&ItemNames),ROW(E3)),COUNTIF(ItemNames,"<"&ItemNames),0)),"")} -> Lays Crackers Πολύσπορα | F4: {=IF(COUNTA(CombinationNames)>=ROWS($F$1:F3),INDEX(CombinationNames,MATCH(SMALL(COUNTIF(CombinationNames,"<"&CombinationNames),ROW(F3)),COUNTIF(CombinationNames,"<"&CombinationNames),0)),"")} -> Αγκινάρες με Κουκιά
D5: =IFERROR(INDEX(Υλικά!$B$2:$B$140,MATCH(ROW()-ROW($D$1),Υλικά!$A$2:$A$140,0)),"") -> Ρύζι parboiled | E5: {=IF(COUNTA(ItemNames)>=ROWS($E$1:E4),INDEX(ItemNames,MATCH(SMALL(COUNTIF(ItemNames,"<"&ItemNames),ROW(E4)),COUNTIF(ItemNames,"<"&ItemNames),0)),"")} -> Αγγούρι | F5: {=IF(COUNTA(CombinationNames)>=ROWS($F$1:F4),INDEX(CombinationNames,MATCH(SMALL(COUNTIF(CombinationNames,"<"&CombinationNames),ROW(F4)),COUNTIF(CombinationNames,"<"&CombinationNames),0)),"")} -> Αρακάς Αντώνη
D6: =IFERROR(INDEX(Υλικά!$B$2:$B$140,MATCH(ROW()-ROW($D$1),Υλικά!$A$2:$A$140,0)),"") -> Ντομάτα κονκασέ | E6: {=IF(COUNTA(ItemNames)>=ROWS($E$1:E5),INDEX(ItemNames,MATCH(SMALL(COUNTIF(ItemNames,"<"&ItemNames),ROW(E5)),COUNTIF(ItemNames,"<"&ItemNames),0)),"")} -> Αγκινάρες | F6: {=IF(COUNTA(CombinationNames)>=ROWS($F$1:F5),INDEX(CombinationNames,MATCH(SMALL(COUNTIF(CombinationNames,"<"&CombinationNames),ROW(F5)),COUNTIF(CombinationNames,"<"&CombinationNames),0)),"")} -> Αρακάς Τατιάνας
D7: =IFERROR(INDEX(Υλικά!$B$2:$B$140,MATCH(ROW()-ROW($D$1),Υλικά!$A$2:$A$140,0)),"") -> Πιπεριές | E7: {=IF(COUNTA(ItemNames)>=ROWS($E$1:E6),INDEX(ItemNames,MATCH(SMALL(COUNTIF(ItemNames,"<"&ItemNames),ROW(E6)),COUNTIF(ItemNames,"<"&ItemNames),0)),"")} -> Ακτινίδιο | F7: {=IF(COUNTA(CombinationNames)>=ROWS($F$1:F6),INDEX(CombinationNames,MATCH(SMALL(COUNTIF(CombinationNames,"<"&CombinationNames),ROW(F6)),COUNTIF(CombinationNames,"<"&CombinationNames),0)),"")} -> Βραδινό γιαούρτι-φρούτα
D8: =IFERROR(INDEX(Υλικά!$B$2:$B$140,MATCH(ROW()-ROW($D$1),Υλικά!$A$2:$A$140,0)),"") -> Γαλοπούλα Καπνιστή CretaFarm | E8: {=IF(COUNTA(ItemNames)>=ROWS($E$1:E7),INDEX(ItemNames,MATCH(SMALL(COUNTIF(ItemNames,"<"&ItemNames),ROW(E7)),COUNTIF(ItemNames,"<"&ItemNames),0)),"")} -> Αλεύρι ΓΟΧ Μύλοι Αγ. Γεωργίου | F8: {=IF(COUNTA(CombinationNames)>=ROWS($F$1:F7),INDEX(CombinationNames,MATCH(SMALL(COUNTIF(CombinationNames,"<"&CombinationNames),ROW(F7)),COUNTIF(CombinationNames,"<"&CombinationNames),0)),"")} -> Γαύρος Αλέκου
D9: =IFERROR(INDEX(Υλικά!$B$2:$B$140,MATCH(ROW()-ROW($D$1),Υλικά!$A$2:$A$140,0)),"") -> Κασέρι Ελασσόνας ΑΒ | E9: {=IF(COUNTA(ItemNames)>=ROWS($E$1:E8),INDEX(ItemNames,MATCH(SMALL(COUNTIF(ItemNames,"<"&ItemNames),ROW(E8)),COUNTIF(ItemNames,"<"&ItemNames),0)),"")} -> Αλεύρι Καλαμποκιού | F9: {=IF(COUNTA(CombinationNames)>=ROWS($F$1:F8),INDEX(CombinationNames,MATCH(SMALL(COUNTIF(CombinationNames,"<"&CombinationNames),ROW(F8)),COUNTIF(CombinationNames,"<"&CombinationNames),0)),"")} -> Γλυκόξινο Κοτόπουλο
D10: =IFERROR(INDEX(Υλικά!$B$2:$B$140,MATCH(ROW()-ROW($D$1),Υλικά!$A$2:$A$140,0)),"") -> Ψωμί Χωριανό με Σίκαλη | E10: {=IF(COUNTA(ItemNames)>=ROWS($E$1:E9),INDEX(ItemNames,MATCH(SMALL(COUNTIF(ItemNames,"<"&ItemNames),ROW(E9)),COUNTIF(ItemNames,"<"&ItemNames),0)),"")} -> Αλεύρι Ολικής Αλλατίνη | F10: {=IF(COUNTA(CombinationNames)>=ROWS($F$1:F9),INDEX(CombinationNames,MATCH(SMALL(COUNTIF(CombinationNames,"<"&CombinationNames),ROW(F9)),COUNTIF(CombinationNames,"<"&CombinationNames),0)),"")} -> Κάρυ Λαχανικών Γαλοπούλα
D11: =IFERROR(INDEX(Υλικά!$B$2:$B$140,MATCH(ROW()-ROW($D$1),Υλικά!$A$2:$A$140,0)),"") -> Ψωμί Γερμανικού Τύπου Κατσέλη | E11: {=IF(COUNTA(ItemNames)>=ROWS($E$1:E10),INDEX(ItemNames,MATCH(SMALL(COUNTIF(ItemNames,"<"&ItemNames),ROW(E10)),COUNTIF(ItemNames,"<"&ItemNames),0)),"")} -> Αμύγδαλα | F11: {=IF(COUNTA(CombinationNames)>=ROWS($F$1:F10),INDEX(CombinationNames,MATCH(SMALL(COUNTIF(CombinationNames,"<"&CombinationNames),ROW(F10)),COUNTIF(CombinationNames,"<"&CombinationNames),0)),"")} -> Κιμάς Μακαρονιών
D12: =IFERROR(INDEX(Υλικά!$B$2:$B$140,MATCH(ROW()-ROW($D$1),Υλικά!$A$2:$A$140,0)),"") -> Αυγά | E12: {=IF(COUNTA(ItemNames)>=ROWS($E$1:E11),INDEX(ItemNames,MATCH(SMALL(COUNTIF(ItemNames,"<"&ItemNames),ROW(E11)),COUNTIF(ItemNames,"<"&ItemNames),0)),"")} -> Αμύγδαλα Λευκά | F12: {=IF(COUNTA(CombinationNames)>=ROWS($F$1:F11),INDEX(CombinationNames,MATCH(SMALL(COUNTIF(CombinationNames,"<"&CombinationNames),ROW(F11)),COUNTIF(CombinationNames,"<"&CombinationNames),0)),"")} -> Κολοκύθια-Πατάτες
D13: =IFERROR(INDEX(Υλικά!$B$2:$B$140,MATCH(ROW()-ROW($D$1),Υλικά!$A$2:$A$140,0)),"") -> Γάλα Όλυμπος 1.5% | E13: {=IF(COUNTA(ItemNames)>=ROWS($E$1:E12),INDEX(ItemNames,MATCH(SMALL(COUNTIF(ItemNames,"<"&ItemNames),ROW(E12)),COUNTIF(ItemNames,"<"&ItemNames),0)),"")} -> Ανανάς Κονσέρβα σε Χυμό Del Monde | F13: {=IF(COUNTA(CombinationNames)>=ROWS($F$1:F12),INDEX(CombinationNames,MATCH(SMALL(COUNTIF(CombinationNames,"<"&CombinationNames),ROW(F12)),COUNTIF(CombinationNames,"<"&CombinationNames),0)),"")} -> Κολοκυθόσουπα
D14: =IFERROR(INDEX(Υλικά!$B$2:$B$140,MATCH(ROW()-ROW($D$1),Υλικά!$A$2:$A$140,0)),"") -> Τόνος σε Ηλιέλαιο 365 200g | E14: {=IF(COUNTA(ItemNames)>=ROWS($E$1:E13),INDEX(ItemNames,MATCH(SMALL(COUNTIF(ItemNames,"<"&ItemNames),ROW(E13)),COUNTIF(ItemNames,"<"&ItemNames),0)),"")} -> Ανθότυρο Μπουτσώλης Αμφιλοχίας | F14: {=IF(COUNTA(CombinationNames)>=ROWS($F$1:F13),INDEX(CombinationNames,MATCH(SMALL(COUNTIF(CombinationNames,"<"&CombinationNames),ROW(F13)),COUNTIF(CombinationNames,"<"&CombinationNames),0)),"")} -> Κοτόπουλο Κοκκινιστό
D15: =IFERROR(INDEX(Υλικά!$B$2:$B$140,MATCH(ROW()-ROW($D$1),Υλικά!$A$2:$A$140,0)),"") -> Γιαούρτι Όλυμπος 2% | E15: {=IF(COUNTA(ItemNames)>=ROWS($E$1:E14),INDEX(ItemNames,MATCH(SMALL(COUNTIF(ItemNames,"<"&ItemNames),ROW(E14)),COUNTIF(ItemNames,"<"&ItemNames),0)),"")} -> ΑξιαγάΠιτες | F15: {=IF(COUNTA(CombinationNames)>=ROWS($F$1:F14),INDEX(CombinationNames,MATCH(SMALL(COUNTIF(CombinationNames,"<"&CombinationNames),ROW(F14)),COUNTIF(CombinationNames,"<"&CombinationNames),0)),"")} -> Κοτόπουλο Κόρμα
D16: =IFERROR(INDEX(Υλικά!$B$2:$B$140,MATCH(ROW()-ROW($D$1),Υλικά!$A$2:$A$140,0)),"") -> Ζάχαρη | E16: {=IF(COUNTA(ItemNames)>=ROWS($E$1:E15),INDEX(ItemNames,MATCH(SMALL(COUNTIF(ItemNames,"<"&ItemNames),ROW(E15)),COUNTIF(ItemNames,"<"&ItemNames),0)),"")} -> Απάκι ΑΒ | F16: {=IF(COUNTA(CombinationNames)>=ROWS($F$1:F15),INDEX(CombinationNames,MATCH(SMALL(COUNTIF(CombinationNames,"<"&CombinationNames),ROW(F15)),COUNTIF(CombinationNames,"<"&CombinationNames),0)),"")} -> Κοτόπουλο Λαχανικά
... D101: =IFERROR(INDEX(Υλικά!$B$2:$B$140,MATCH(ROW()-ROW($D$1),Υλικά!$A$2:$A$140,0)),"") -> Λουκάνικα Μετσόβου ΑΒ | E101: {=IF(COUNTA(ItemNames)>=ROWS($E$1:E100),INDEX(ItemNames,MATCH(SMALL(COUNTIF(ItemNames,"<"&ItemNames),ROW(E100)),COUNTIF(ItemNames,"<"&ItemNames),0)),"")} -> Πέρκα Καλλιμάνη | F101: {=IF(COUNTA(CombinationNames)>=ROWS($F$1:F100),INDEX(CombinationNames,MATCH(SMALL(COUNTIF(CombinationNames,"<"&CombinationNames),ROW(F100)),COUNTIF(CombinationNames,"<"&CombinationNames),0)),"")}
D102: =IFERROR(INDEX(Υλικά!$B$2:$B$140,MATCH(ROW()-ROW($D$1),Υλικά!$A$2:$A$140,0)),"") -> Λουκάνικα Χωριάτικα Creta Farms | E102: {=IF(COUNTA(ItemNames)>=ROWS($E$1:E101),INDEX(ItemNames,MATCH(SMALL(COUNTIF(ItemNames,"<"&ItemNames),ROW(E101)),COUNTIF(ItemNames,"<"&ItemNames),0)),"")} -> Πιπεριές
D103: =IFERROR(INDEX(Υλικά!$B$2:$B$140,MATCH(ROW()-ROW($D$1),Υλικά!$A$2:$A$140,0)),"") -> Τυρί Arla Protein Delite 5% | E103: {=IF(COUNTA(ItemNames)>=ROWS($E$1:E102),INDEX(ItemNames,MATCH(SMALL(COUNTIF(ItemNames,"<"&ItemNames),ROW(E102)),COUNTIF(ItemNames,"<"&ItemNames),0)),"")} -> Πίτα Καραμολέγκος Αξιαγάπητη
D104: =IFERROR(INDEX(Υλικά!$B$2:$B$140,MATCH(ROW()-ROW($D$1),Υλικά!$A$2:$A$140,0)),"") -> Φασόλες | E104: {=IF(COUNTA(ItemNames)>=ROWS($E$1:E103),INDEX(ItemNames,MATCH(SMALL(COUNTIF(ItemNames,"<"&ItemNames),ROW(E103)),COUNTIF(ItemNames,"<"&ItemNames),0)),"")} -> Πίτσα Τζάιαντ Χαμόν Μανιτάρια
D105: =IFERROR(INDEX(Υλικά!$B$2:$B$140,MATCH(ROW()-ROW($D$1),Υλικά!$A$2:$A$140,0)),"") -> Γαλοπούλα Πασσιάς Κορυφαίο | E105: {=IF(COUNTA(ItemNames)>=ROWS($E$1:E104),INDEX(ItemNames,MATCH(SMALL(COUNTIF(ItemNames,"<"&ItemNames),ROW(E104)),COUNTIF(ItemNames,"<"&ItemNames),0)),"")} -> Πληγούρι Fytro
D106: =IFERROR(INDEX(Υλικά!$B$2:$B$140,MATCH(ROW()-ROW($D$1),Υλικά!$A$2:$A$140,0)),"") -> Χταπόδι | E106: {=IF(COUNTA(ItemNames)>=ROWS($E$1:E105),INDEX(ItemNames,MATCH(SMALL(COUNTIF(ItemNames,"<"&ItemNames),ROW(E105)),COUNTIF(ItemNames,"<"&ItemNames),0)),"")} -> Πορτοκάλι
D107: =IFERROR(INDEX(Υλικά!$B$2:$B$140,MATCH(ROW()-ROW($D$1),Υλικά!$A$2:$A$140,0)),"") -> Τραχανάς Χιώτικο Κελλάρι | E107: {=IF(COUNTA(ItemNames)>=ROWS($E$1:E106),INDEX(ItemNames,MATCH(SMALL(COUNTIF(ItemNames,"<"&ItemNames),ROW(E106)),COUNTIF(ItemNames,"<"&ItemNames),0)),"")} -> Ποτό 40%
D108: =IFERROR(INDEX(Υλικά!$B$2:$B$140,MATCH(ROW()-ROW($D$1),Υλικά!$A$2:$A$140,0)),"") -> Αμύγδαλα | E108: {=IF(COUNTA(ItemNames)>=ROWS($E$1:E107),INDEX(ItemNames,MATCH(SMALL(COUNTIF(ItemNames,"<"&ItemNames),ROW(E107)),COUNTIF(ItemNames,"<"&ItemNames),0)),"")} -> Πράσο
D109: =IFERROR(INDEX(Υλικά!$B$2:$B$140,MATCH(ROW()-ROW($D$1),Υλικά!$A$2:$A$140,0)),"") -> Ρεβύθια | E109: {=IF(COUNTA(ItemNames)>=ROWS($E$1:E108),INDEX(ItemNames,MATCH(SMALL(COUNTIF(ItemNames,"<"&ItemNames),ROW(E108)),COUNTIF(ItemNames,"<"&ItemNames),0)),"")} -> Ρεβύθια
D110: =IFERROR(INDEX(Υλικά!$B$2:$B$140,MATCH(ROW()-ROW($D$1),Υλικά!$A$2:$A$140,0)),"") -> Χορτόπιτα Κρητών Άρτος | E110: {=IF(COUNTA(ItemNames)>=ROWS($E$1:E109),INDEX(ItemNames,MATCH(SMALL(COUNTIF(ItemNames,"<"&ItemNames),ROW(E109)),COUNTIF(ItemNames,"<"&ItemNames),0)),"")} -> Ροδάκινο
D111: =IFERROR(INDEX(Υλικά!$B$2:$B$140,MATCH(ROW()-ROW($D$1),Υλικά!$A$2:$A$140,0)),"") -> Φαγκρί | E111: {=IF(COUNTA(ItemNames)>=ROWS($E$1:E110),INDEX(ItemNames,MATCH(SMALL(COUNTIF(ItemNames,"<"&ItemNames),ROW(E110)),COUNTIF(ItemNames,"<"&ItemNames),0)),"")} -> Ρόκα
D112: =IFERROR(INDEX(Υλικά!$B$2:$B$140,MATCH(ROW()-ROW($D$1),Υλικά!$A$2:$A$140,0)),"") -> Πατζάρι | E112: {=IF(COUNTA(ItemNames)>=ROWS($E$1:E111),INDEX(ItemNames,MATCH(SMALL(COUNTIF(ItemNames,"<"&ItemNames),ROW(E111)),COUNTIF(ItemNames,"<"&ItemNames),0)),"")} -> Ρύζι parboiled
D113: =IFERROR(INDEX(Υλικά!$B$2:$B$140,MATCH(ROW()-ROW($D$1),Υλικά!$A$2:$A$140,0)),"") -> Σκουμπρί Φλόκος Λάδι | E113: {=IF(COUNTA(ItemNames)>=ROWS($E$1:E112),INDEX(ItemNames,MATCH(SMALL(COUNTIF(ItemNames,"<"&ItemNames),ROW(E112)),COUNTIF(ItemNames,"<"&ItemNames),0)),"")} -> Σάλτσα Σόγιας
... D138: =IFERROR(INDEX(Υλικά!$B$2:$B$140,MATCH(ROW()-ROW($D$1),Υλικά!$A$2:$A$140,0)),"") -> Κεράσια | E138: {=IF(COUNTA(ItemNames)>=ROWS($E$1:E137),INDEX(ItemNames,MATCH(SMALL(COUNTIF(ItemNames,"<"&ItemNames),ROW(E137)),COUNTIF(ItemNames,"<"&ItemNames),0)),"")} -> Φάβα
D139: =IFERROR(INDEX(Υλικά!$B$2:$B$200,MATCH(ROW()-ROW($D$1),Υλικά!$A$2:$A$200,0)),"") -> Καλαμπόκι | E139: {=IF(COUNTA(ItemNames)>=ROWS($E$1:E138),INDEX(ItemNames,MATCH(SMALL(COUNTIF(ItemNames,"<"&ItemNames),ROW(E138)),COUNTIF(ItemNames,"<"&ItemNames),0)),"")} -> Φαγκρί
D140: =IFERROR(INDEX(Υλικά!$B$2:$B$200,MATCH(ROW()-ROW($D$1),Υλικά!$A$2:$A$200,0)),"") -> Ανθότυρο Μπουτσώλης Αμφιλοχίας | E140: {=IF(COUNTA(ItemNames)>=ROWS($E$1:E139),INDEX(ItemNames,MATCH(SMALL(COUNTIF(ItemNames,"<"&ItemNames),ROW(E139)),COUNTIF(ItemNames,"<"&ItemNames),0)),"")} -> Φακή
D141: =IFERROR(INDEX(Υλικά!$B$2:$B$200,MATCH(ROW()-ROW($D$1),Υλικά!$A$2:$A$200,0)),"") -> Τυρί Gouda | E141: {=IF(COUNTA(ItemNames)>=ROWS($E$1:E140),INDEX(ItemNames,MATCH(SMALL(COUNTIF(ItemNames,"<"&ItemNames),ROW(E140)),COUNTIF(ItemNames,"<"&ItemNames),0)),"")} -> Φασολάκια FROZA
D142: =IFERROR(INDEX(Υλικά!$B$2:$B$200,MATCH(ROW()-ROW($D$1),Υλικά!$A$2:$A$200,0)),"") -> Bresaola Negroni | E142: {=IF(COUNTA(ItemNames)>=ROWS($E$1:E141),INDEX(ItemNames,MATCH(SMALL(COUNTIF(ItemNames,"<"&ItemNames),ROW(E141)),COUNTIF(ItemNames,"<"&ItemNames),0)),"")} -> Φασόλες
D143: =IFERROR(INDEX(Υλικά!$B$2:$B$200,MATCH(ROW()-ROW($D$1),Υλικά!$A$2:$A$200,0)),"") -> Απάκι ΑΒ | E143: {=IF(COUNTA(ItemNames)>=ROWS($E$1:E142),INDEX(ItemNames,MATCH(SMALL(COUNTIF(ItemNames,"<"&ItemNames),ROW(E142)),COUNTIF(ItemNames,"<"&ItemNames),0)),"")} -> Φασόλια Μαυροομάτικα
D144: =IFERROR(INDEX(Υλικά!$B$2:$B$200,MATCH(ROW()-ROW($D$1),Υλικά!$A$2:$A$200,0)),"") -> Σύκα ξερά | E144: {=IF(COUNTA(ItemNames)>=ROWS($E$1:E143),INDEX(ItemNames,MATCH(SMALL(COUNTIF(ItemNames,"<"&ItemNames),ROW(E143)),COUNTIF(ItemNames,"<"&ItemNames),0)),"")} -> Φέτα
D145: =IFERROR(INDEX(Υλικά!$B$2:$B$200,MATCH(ROW()-ROW($D$1),Υλικά!$A$2:$A$200,0)),"") -> Χαλβάς Παραδοσιακός | E145: {=IF(COUNTA(ItemNames)>=ROWS($E$1:E144),INDEX(ItemNames,MATCH(SMALL(COUNTIF(ItemNames,"<"&ItemNames),ROW(E144)),COUNTIF(ItemNames,"<"&ItemNames),0)),"")} -> Φράουλες
D146: =IFERROR(INDEX(Υλικά!$B$2:$B$200,MATCH(ROW()-ROW($D$1),Υλικά!$A$2:$A$200,0)),"") -> Γιαούρτι Πρόβειο Παραδοσιακό | E146: {=IF(COUNTA(ItemNames)>=ROWS($E$1:E145),INDEX(ItemNames,MATCH(SMALL(COUNTIF(ItemNames,"<"&ItemNames),ROW(E145)),COUNTIF(ItemNames,"<"&ItemNames),0)),"")} -> Φρυγανιά Τριμμένη ΑΒ
D147: =IFERROR(INDEX(Υλικά!$B$2:$B$200,MATCH(ROW()-ROW($D$1),Υλικά!$A$2:$A$200,0)),"") -> Γαύρος Τράτα | E147: {=IF(COUNTA(ItemNames)>=ROWS($E$1:E146),INDEX(ItemNames,MATCH(SMALL(COUNTIF(ItemNames,"<"&ItemNames),ROW(E146)),COUNTIF(ItemNames,"<"&ItemNames),0)),"")} -> Φύλλο Κρούστα Χρυσή Ζύμη
D148: =IFERROR(INDEX(Υλικά!$B$2:$B$200,MATCH(ROW()-ROW($D$1),Υλικά!$A$2:$A$200,0)),"") -> Μπάμιες Κατεψυγμένες | E148: {=IF(COUNTA(ItemNames)>=ROWS($E$1:E147),INDEX(ItemNames,MATCH(SMALL(COUNTIF(ItemNames,"<"&ItemNames),ROW(E147)),COUNTIF(ItemNames,"<"&ItemNames),0)),"")} -> Φυστίκια Αιγίνης
D149: =IFERROR(INDEX(Υλικά!$B$2:$B$200,MATCH(ROW()-ROW($D$1),Υλικά!$A$2:$A$200,0)),"") -> Μαρμελάδα Βύσσινο SpinSpan | E149: {=IF(COUNTA(ItemNames)>=ROWS($E$1:E148),INDEX(ItemNames,MATCH(SMALL(COUNTIF(ItemNames,"<"&ItemNames),ROW(E148)),COUNTIF(ItemNames,"<"&ItemNames),0)),"")} -> Φυστίκια Αράπικα Μικρές Φάρμες
D150: =IFERROR(INDEX(Υλικά!$B$2:$B$200,MATCH(ROW()-ROW($D$1),Υλικά!$A$2:$A$200,0)),"") -> Φυστίκια Αιγίνης | E150: {=IF(COUNTA(ItemNames)>=ROWS($E$1:E149),INDEX(ItemNames,MATCH(SMALL(COUNTIF(ItemNames,"<"&ItemNames),ROW(E149)),COUNTIF(ItemNames,"<"&ItemNames),0)),"")} -> Φυστικοβούτυρο
... D167: =IFERROR(INDEX(Υλικά!$B$2:$B$200,MATCH(ROW()-ROW($D$1),Υλικά!$A$2:$A$200,0)),"") -> Κεφαλοτύρι | E167: {=IF(COUNTA(ItemNames)>=ROWS($E$1:E166),INDEX(ItemNames,MATCH(SMALL(COUNTIF(ItemNames,"<"&ItemNames),ROW(E166)),COUNTIF(ItemNames,"<"&ItemNames),0)),"")} -> Ψωμί Χωριανό με Σίκαλη

Sheet Σκεύη
C1: gr
B2: Κατσαρόλα Fissler Χίου | C2: 1850
B3: Κατσαρόλι για ρύζι Χίου | C3: 1000
B4: Ελαφρύ Κατσαρόλι για ρύζι Χίου | C4: 800
B5: Κόκκινο τσουκάλι Τραυλαντώνη | C5: 1317
B6: Κόκκινο κατσαρόλι Τραυλαντώνη | C6: 800
B7: Μικρό Τσουκάλι Τομπάζη (Τατ) | C7: 1190
B8: Μεγάλο Κατσαρόλι Τομπάζη (Τατ) | C8: 1140
B9: Μικρό κατσαρόλι Τομπάζη (Τατ) | C9: 700
B10: Μεγάλο Τσουκάλι Τομπάζι (Αλ) | C10: 1390
B11: Ταψί ρηχό φούρνου (Τατ) | C11: 1230
B12: Ταψί βαθύ (Αλ) | C12: 880

Sheet Υλικά
A1: id | B1: Όνομα | C1: Κατηγορία | D1: Μονάδα | E1: Ποσότητα αναφοράς | F1: θερμίδες ονομαστικές | G1: Πρωτεΐνες g | H1: Υδατάνθρακες g | I1: Λίπη g | J1: Επιπλέον Θερμίδες | K1: Υπολογισμός Θερμίδων | L1: Διαφορά | M1: Διαφορά% | N1: Νάτριο mg | O1: Κάλιο mg
A3: =IF(B3="","",MAX(A$2:A2)+1) -> 1 | B3: Μελιτζάνες | C3: Ζαρζαβατικά | D3: gr | E3: 100 | F3: 23 | G3: 1 | H3: 5.9 | I3: 0.2 | K3: =$G3*Ref!$B$2+$H3*Ref!$B$3+$I3*Ref!$B$4+$J3 -> 29.4 | L3: =K3-F3 -> 6.4 | M3: =IF(K3>0,100*L3/K3,0) -> 21.768707
A4: =IF(B4="","",MAX(A$2:A3)+1) -> 2 | B4: Κρεμμύδι | C4: Ζαρζαβατικά | D4: gr | E4: 100 | F4: 40 | G4: 1.1 | H4: 9.3 | I4: 0.1 | K4: =$G4*Ref!$B$2+$H4*Ref!$B$3+$I4*Ref!$B$4+$J4 -> 42.5 | L4: =K4-F4 -> 2.5 | M4: =IF(K4>0,100*L4/K4,0) -> 5.8823529
A5: =IF(B5="","",MAX(A$2:A4)+1) -> 3 | B5: Ελαιόλαδο | C5: Λίπη | D5: gr | E5: 100 | F5: 800 | G5: 0 | H5: 0 | I5: 93.3 | K5: =$G5*Ref!$B$2+$H5*Ref!$B$3+$I5*Ref!$B$4+$J5 -> 839.7 | L5: =K5-F5 -> 39.7 | M5: =IF(K5>0,100*L5/K5,0) -> 4.727879
A6: =IF(B6="","",MAX(A$2:A5)+1) -> 4 | B6: Ρύζι parboiled | C6: Ζυμαρικά | D6: gr | E6: 100 | F6: 365 | G6: 7.1 | H6: 80 | I6: 0.7 | K6: =$G6*Ref!$B$2+$H6*Ref!$B$3+$I6*Ref!$B$4+$J6 -> 354.7 | L6: =K6-F6 -> -10.3 | M6: =IF(K6>0,100*L6/K6,0) -> -2.9038624
A7: =IF(B7="","",MAX(A$2:A6)+1) -> 5 | B7: Ντομάτα κονκασέ | C7: Κονσέρβες | D7: pc | E7: 1 | F7: 104 | G7: 4.8 | H7: 18.4 | I7: 0.12 | K7: =$G7*Ref!$B$2+$H7*Ref!$B$3+$I7*Ref!$B$4+$J7 -> 93.88 | L7: =K7-F7 -> -10.12 | M7: =IF(K7>0,100*L7/K7,0) -> -10.779719
A8: =IF(B8="","",MAX(A$2:A7)+1) -> 6 | B8: Πιπεριές | C8: Ζαρζαβατικά | D8: gr | E8: 100 | F8: 20 | G8: 0.9 | H8: 4.6 | I8: 0.2 | K8: =$G8*Ref!$B$2+$H8*Ref!$B$3+$I8*Ref!$B$4+$J8 -> 23.8 | L8: =K8-F8 -> 3.8 | M8: =IF(K8>0,100*L8/K8,0) -> 15.966387
A9: =IF(B9="","",MAX(A$2:A8)+1) -> 7 | B9: Γαλοπούλα Καπνιστή CretaFarm | C9: Αλλαντικά | D9: slc | E9: 1 | F9: 18 | G9: 2.8 | H9: 0.8 | I9: 0.4 | K9: =$G9*Ref!$B$2+$H9*Ref!$B$3+$I9*Ref!$B$4+$J9 -> 18 | L9: =K9-F9 -> 0 | M9: =IF(K9>0,100*L9/K9,0) -> 0
A10: =IF(B10="","",MAX(A$2:A9)+1) -> 8 | B10: Κασέρι Ελασσόνας ΑΒ | C10: Γαλακτοκομικά | D10: slc | E10: 1 | F10: 75 | G10: 5.1 | H10: 0.1 | I10: 5.6 | K10: =$G10*Ref!$B$2+$H10*Ref!$B$3+$I10*Ref!$B$4+$J10 -> 71.2 | L10: =K10-F10 -> -3.8 | M10: =IF(K10>0,100*L10/K10,0) -> -5.3370787
A11: =IF(B11="","",MAX(A$2:A10)+1) -> 9 | B11: Ψωμί Χωριανό με Σίκαλη | C11: Άλευρα | D11: slc | E11: 1 | F11: 72 | G11: 3 | H11: 11.7 | I11: 1.1 | K11: =$G11*Ref!$B$2+$H11*Ref!$B$3+$I11*Ref!$B$4+$J11 -> 68.7 | L11: =K11-F11 -> -3.3 | M11: =IF(K11>0,100*L11/K11,0) -> -4.8034934
A12: =IF(B12="","",MAX(A$2:A11)+1) -> 10 | B12: Ψωμί Γερμανικού Τύπου Κατσέλη | C12: Άλευρα | D12: slc | E12: 1 | F12: 137 | G12: 4.5 | H12: 26.1 | I12: 0.8 | K12: =$G12*Ref!$B$2+$H12*Ref!$B$3+$I12*Ref!$B$4+$J12 -> 129.6 | L12: =K12-F12 -> -7.4 | M12: =IF(K12>0,100*L12/K12,0) -> -5.7098765
A13: =IF(B13="","",MAX(A$2:A12)+1) -> 11 | B13: Αυγά | C13: Διάφορα | D13: pc | E13: 1 | F13: 93 | G13: 7.8 | H13: 0.66 | I13: 6.6 | K13: =$G13*Ref!$B$2+$H13*Ref!$B$3+$I13*Ref!$B$4+$J13 -> 93.24 | L13: =K13-F13 -> 0.24 | M13: =IF(K13>0,100*L13/K13,0) -> 0.25740026
A14: =IF(B14="","",MAX(A$2:A13)+1) -> 12 | B14: Γάλα Όλυμπος 1.5% | C14: Γαλακτοκομικά | D14: gr | E14: 100 | F14: 46 | G14: 3.3 | H14: 4.7 | I14: 1.5 | K14: =$G14*Ref!$B$2+$H14*Ref!$B$3+$I14*Ref!$B$4+$J14 -> 45.5 | L14: =K14-F14 -> -0.5 | M14: =IF(K14>0,100*L14/K14,0) -> -1.0989011
... A37: =IF(B37="","",MAX(A$2:A36)+1) -> 35 | B37: Χοιρινό κοντοσούβλι (εκτίμηση) | C37: Κρέας | D37: gr | E37: 100 | F37: 250 | G37: 28 | H37: 0 | I37: 15 | K37: =$G37*Ref!$B$2+$H37*Ref!$B$3+$I37*Ref!$B$4+$J37 -> 247 | L37: =K37-F37 -> -3 | M37: =IF(K37>0,100*L37/K37,0) -> -1.2145749
A38: =IF(B38="","",MAX(A$2:A37)+1) -> 36 | B38: Μπύρα 6% | C38: Ποτά | D38: gr | E38: 100 | F38: 43 | G38: 0.5 | H38: 3.6 | I38: 0 | J38: 43 | K38: =$G38*Ref!$B$2+$H38*Ref!$B$3+$I38*Ref!$B$4+$J38 -> 59.4 | L38: =K38-F38 -> 16.4 | M38: =IF(K38>0,100*L38/K38,0) -> 27.609428
A39: =IF(B39="","",MAX(A$2:A38)+1) -> 37 | B39: Κρασί 10% | C39: Ποτά | D39: gr | E39: 100 | F39: 85 | J39: 85 | K39: =$G39*Ref!$B$2+$H39*Ref!$B$3+$I39*Ref!$B$4+$J39 -> 85 | L39: =K39-F39 -> 0 | M39: =IF(K39>0,100*L39/K39,0) -> 0
A40: =IF(B40="","",MAX(A$2:A39)+1) -> 38 | B40: Κρασί 15% | C40: Ποτά | D40: gr | E40: 100 | F40: 137 | J40: 137 | K40: =$G40*Ref!$B$2+$H40*Ref!$B$3+$I40*Ref!$B$4+$J40 -> 137 | L40: =K40-F40 -> 0 | M40: =IF(K40>0,100*L40/K40,0) -> 0
A41: =IF(B41="","",MAX(A$2:A40)+1) -> 39 | B41: Ποτό 40% | C41: Ποτά | D41: gr | E41: 100 | F41: 280 | J41: 280 | K41: =$G41*Ref!$B$2+$H41*Ref!$B$3+$I41*Ref!$B$4+$J41 -> 280 | L41: =K41-F41 -> 0 | M41: =IF(K41>0,100*L41/K41,0) -> 0
A42: =IF(B42="","",MAX(A$2:A41)+1) -> 40 | B42: Πίτσα Τζάιαντ Χαμόν Μανιτάρια | C42: Γουρουνιές | D42: pc | E42: 1 | F42: 200 | G42: 10 | H42: 25 | I42: 7 | K42: =$G42*Ref!$B$2+$H42*Ref!$B$3+$I42*Ref!$B$4+$J42 -> 203 | L42: =K42-F42 -> 3 | M42: =IF(K42>0,100*L42/K42,0) -> 1.4778325
A43: =IF(B43="","",MAX(A$2:A42)+1) -> 41 | B43: Κολοκύθια | C43: Ζαρζαβατικά | D43: gr | E43: 100 | F43: 19 | G43: 1.2 | H43: 3.1 | I43: 0.3 | K43: =$G43*Ref!$B$2+$H43*Ref!$B$3+$I43*Ref!$B$4+$J43 -> 19.9 | L43: =K43-F43 -> 0.9 | M43: =IF(K43>0,100*L43/K43,0) -> 4.5226131
A44: =IF(B44="","",MAX(A$2:A43)+1) -> 42 | B44: Τυρί Κρέμα Φρέσκο ΑΒ Light | C44: Γαλακτοκομικά | D44: gr | E44: 100 | F44: 190 | G44: 7.8 | H44: 3.3 | I44: 16 | K44: =$G44*Ref!$B$2+$H44*Ref!$B$3+$I44*Ref!$B$4+$J44 -> 188.4 | L44: =K44-F44 -> -1.6 | M44: =IF(K44>0,100*L44/K44,0) -> -0.8492569
A45: =IF(B45="","",MAX(A$2:A44)+1) -> 43 | B45: Μέλι | C45: Γλυκά | D45: gr | E45: 100 | F45: 304 | G45: 0.3 | H45: 82.6 | K45: =$G45*Ref!$B$2+$H45*Ref!$B$3+$I45*Ref!$B$4+$J45 -> 331.6 | L45: =K45-F45 -> 27.6 | M45: =IF(K45>0,100*L45/K45,0) -> 8.3232811
A46: =IF(B46="","",MAX(A$2:A45)+1) -> 44 | B46: Τόνικ Tuborg | C46: Ποτά | D46: gr | E46: 100 | F46: 33 | G46: 0 | H46: 7.9 | I46: 0 | K46: =$G46*Ref!$B$2+$H46*Ref!$B$3+$I46*Ref!$B$4+$J46 -> 31.6 | L46: =K46-F46 -> -1.4 | M46: =IF(K46>0,100*L46/K46,0) -> -4.4303797
A47: =IF(B47="","",MAX(A$2:A46)+1) -> 45 | B47: Καρότα | C47: Ζαρζαβατικά | D47: gr | E47: 100 | F47: 42 | G47: 1.1 | H47: 9.7 | I47: 0.2 | K47: =$G47*Ref!$B$2+$H47*Ref!$B$3+$I47*Ref!$B$4+$J47 -> 45 | L47: =K47-F47 -> 3 | M47: =IF(K47>0,100*L47/K47,0) -> 6.6666667
A48: =IF(B48="","",MAX(A$2:A47)+1) -> 46 | B48: Γαλοπούλα Στήθος | C48: Πουλερικά | D48: gr | E48: 100 | F48: 111 | G48: 25 | H48: 0 | I48: 1 | K48: =$G48*Ref!$B$2+$H48*Ref!$B$3+$I48*Ref!$B$4+$J48 -> 109 | L48: =K48-F48 -> -2 | M48: =IF(K48>0,100*L48/K48,0) -> -1.8348624
A49: =IF(B49="","",MAX(A$2:A48)+1) -> 47 | B49: Φρυγανιά Τριμμένη ΑΒ | C49: Άλευρα | D49: gr | E49: 100 | F49: 408 | G49: 14.5 | H49: 69.1 | I49: 7.5 | K49: =$G49*Ref!$B$2+$H49*Ref!$B$3+$I49*Ref!$B$4+$J49 -> 401.9 | L49: =K49-F49 -> -6.1 | M49: =IF(K49>0,100*L49/K49,0) -> -1.5177905
A50: =IF(B50="","",MAX(A$2:A49)+1) -> 48 | B50: Ψάρι ψητό | C50: Ψαρικά | D50: gr | E50: 100 | F50: 164 | G50: 23 | H50: 0 | I50: 8 | K50: =$G50*Ref!$B$2+$H50*Ref!$B$3+$I50*Ref!$B$4+$J50 -> 164 | L50: =K50-F50 -> 0 | M50: =IF(K50>0,100*L50/K50,0) -> 0
A51: =IF(B51="","",MAX(A$2:A50)+1) -> 49 | B51: Καλαμάρι ψητό | C51: Ψαρικά | D51: gr | E51: 100 | F51: 167 | G51: 18 | H51: 8 | I51: 7 | K51: =$G51*Ref!$B$2+$H51*Ref!$B$3+$I51*Ref!$B$4+$J51 -> 167 | L51: =K51-F51 -> 0 | M51: =IF(K51>0,100*L51/K51,0) -> 0
A52: =IF(B52="","",MAX(A$2:A51)+1) -> 50 | B52: Πατάτα | C52: Ζαρζαβατικά | D52: gr | E52: 100 | F52: 76 | G52: 2 | H52: 17 | I52: 0 | K52: =$G52*Ref!$B$2+$H52*Ref!$B$3+$I52*Ref!$B$4+$J52 -> 76 | L52: =K52-F52 -> 0 | M52: =IF(K52>0,100*L52/K52,0) -> 0
A53: =IF(B53="","",MAX(A$2:A52)+1) -> 51 | B53: Χοιρινό | C53: Κρέας | D53: gr | E53: 100 | G53: 27 | H53: 0 | I53: 14 | K53: =$G53*Ref!$B$2+$H53*Ref!$B$3+$I53*Ref!$B$4+$J53 -> 234 | L53: =K53-F53 -> 234 | M53: =IF(K53>0,100*L53/K53,0) -> 100
A54: =IF(B54="","",MAX(A$2:A53)+1) -> 52 | B54: Σοκολάτα Υγείας Παυλίδη | C54: Γλυκά | D54: gr | E54: 100 | F54: 525 | G54: 4.4 | H54: 54.5 | I54: 30.5 | K54: =$G54*Ref!$B$2+$H54*Ref!$B$3+$I54*Ref!$B$4+$J54 -> 510.1 | L54: =K54-F54 -> -14.9 | M54: =IF(K54>0,100*L54/K54,0) -> -2.9209959
A55: =IF(B55="","",MAX(A$2:A54)+1) -> 53 | B55: Μανιτάρια | C55: Ζαρζαβατικά | D55: gr | E55: 100 | F55: 22 | G55: 3.1 | H55: 3.3 | I55: 0.3 | K55: =$G55*Ref!$B$2+$H55*Ref!$B$3+$I55*Ref!$B$4+$J55 -> 28.3 | L55: =K55-F55 -> 6.3 | M55: =IF(K55>0,100*L55/K55,0) -> 22.261484
A56: =IF(B56="","",MAX(A$2:A55)+1) -> 54 | B56: Μπρόκολο | C56: Ζαρζαβατικά | D56: gr | E56: 100 | F56: 33 | G56: 2.8 | H56: 7 | I56: 0 | K56: =$G56*Ref!$B$2+$H56*Ref!$B$3+$I56*Ref!$B$4+$J56 -> 39.2 | L56: =K56-F56 -> 6.2 | M56: =IF(K56>0,100*L56/K56,0) -> 15.816327
A57: =IF(B57="","",MAX(A$2:A56)+1) -> 55 | B57: Αρακάς Κατεψυγμένος | C57: Κατεψυγμένα | D57: gr | E57: 100 | F57: 77 | G57: 5.2 | H57: 14 | I57: 0.4 | K57: =$G57*Ref!$B$2+$H57*Ref!$B$3+$I57*Ref!$B$4+$J57 -> 80.4 | L57: =K57-F57 -> 3.4 | M57: =IF(K57>0,100*L57/K57,0) -> 4.2288557
A58: =IF(B58="","",MAX(A$2:A57)+1) -> 56 | B58: Πελτές Ντομάτας | C58: Κονσέρβες | D58: gr | E58: 100 | F58: 85 | G58: 4.2 | H58: 16.1 | I58: 0.2 | K58: =$G58*Ref!$B$2+$H58*Ref!$B$3+$I58*Ref!$B$4+$J58 -> 83 | L58: =K58-F58 -> -2 | M58: =IF(K58>0,100*L58/K58,0) -> -2.4096386
A59: =IF(B59="","",MAX(A$2:A58)+1) -> 57 | B59: Γάλα Εβαπορέ ΝΟΥΝΟΥ Light | C59: Γαλακτοκομικά | D59: gr | E59: 100 | F59: 59 | G59: 3.7 | H59: 6 | I59: 2.2 | K59: =$G59*Ref!$B$2+$H59*Ref!$B$3+$I59*Ref!$B$4+$J59 -> 58.6 | L59: =K59-F59 -> -0.4 | M59: =IF(K59>0,100*L59/K59,0) -> -0.68259386
A60: =IF(B60="","",MAX(A$2:A59)+1) -> 58 | B60: Βούτυρο LURPAK | C60: Λίπη | D60: gr | E60: 100 | F60: 747 | G60: 0.6 | H60: 0.7 | I60: 82 | K60: =$G60*Ref!$B$2+$H60*Ref!$B$3+$I60*Ref!$B$4+$J60 -> 743.2 | L60: =K60-F60 -> -3.8 | M60: =IF(K60>0,100*L60/K60,0) -> -0.51130248
A61: =IF(B61="","",MAX(A$2:A60)+1) -> 59 | B61: Λάχανο | C61: Ζαρζαβατικά | D61: gr | E61: 100 | F61: 26 | G61: 1.3 | H61: 6 | I61: 0 | K61: =$G61*Ref!$B$2+$H61*Ref!$B$3+$I61*Ref!$B$4+$J61 -> 29.2 | L61: =K61-F61 -> 3.2 | M61: =IF(K61>0,100*L61/K61,0) -> 10.958904
A62: =IF(B62="","",MAX(A$2:A61)+1) -> 60 | B62: Μήλο | C62: Φρούτα | D62: gr | E62: 100 | F62: 52 | G62: 0.3 | H62: 14 | I62: 0.2 | K62: =$G62*Ref!$B$2+$H62*Ref!$B$3+$I62*Ref!$B$4+$J62 -> 59 | L62: =K62-F62 -> 7 | M62: =IF(K62>0,100*L62/K62,0) -> 11.864407
A63: =IF(B63="","",MAX(A$2:A62)+1) -> 61 | B63: Μαντερίνι | C63: Φρούτα | D63: gr | E63: 100 | F63: 50 | G63: 0.8 | H63: 13 | I63: 0.3 | K63: =$G63*Ref!$B$2+$H63*Ref!$B$3+$I63*Ref!$B$4+$J63 -> 57.9 | L63: =K63-F63 -> 7.9 | M63: =IF(K63>0,100*L63/K63,0) -> 13.644214
A64: =IF(B64="","",MAX(A$2:A63)+1) -> 62 | B64: Βρώμη Quaker | C64: Δημητριακά | D64: gr | E64: 100 | F64: 374 | G64: 11 | H64: 60 | I64: 8 | K64: =$G64*Ref!$B$2+$H64*Ref!$B$3+$I64*Ref!$B$4+$J64 -> 356 | L64: =K64-F64 -> -18 | M64: =IF(K64>0,100*L64/K64,0) -> -5.0561798
A65: =IF(B65="","",MAX(A$2:A64)+1) -> 63 | B65: Μπανάνα | C65: Φρούτα | D65: gr | E65: 100 | F65: 89 | G65: 1.1 | H65: 22.8 | I65: 0.3 | K65: =$G65*Ref!$B$2+$H65*Ref!$B$3+$I65*Ref!$B$4+$J65 -> 98.3 | L65: =K65-F65 -> 9.3 | M65: =IF(K65>0,100*L65/K65,0) -> 9.4608342
... A116: =IF(B116="","",MAX(A$2:A115)+1) -> 114 | B116: Ανανάς Κονσέρβα σε Χυμό Del Monde | C116: Κονσέρβες | D116: gr | E116: 100 | F116: 63 | G116: 0.4 | H116: 14.6 | I116: 0 | K116: =$G116*Ref!$B$2+$H116*Ref!$B$3+$I116*Ref!$B$4+$J116 -> 60 | L116: =K116-F116 -> -3 | M116: =IF(K116>0,100*L116/K116,0) -> -5
A117: =IF(B117="","",MAX(A$2:A116)+1) -> 115 | B117: Σάλτσα Σόγιας | C117: Διάφορα | D117: gr | E117: 100 | F117: 77 | G117: 10 | H117: 3.2 | K117: =$G117*Ref!$B$2+$H117*Ref!$B$3+$I117*Ref!$B$4+$J117 -> 52.8 | L117: =K117-F117 -> -24.2 | M117: =IF(K117>0,100*L117/K117,0) -> -45.833333
A118: =IF(B118="","",MAX(A$2:A117)+1) -> 116 | B118: Αγκινάρες | C118: Ζαρζαβατικά | D118: gr | E118: 100 | F118: 17 | G118: 0.7 | H118: 3.6 | I118: 0.1 | K118: =$G118*Ref!$B$2+$H118*Ref!$B$3+$I118*Ref!$B$4+$J118 -> 18.1 | L118: =K118-F118 -> 1.1 | M118: =IF(K118>0,100*L118/K118,0) -> 6.0773481
A119: =IF(B119="","",MAX(A$2:A118)+1) -> 117 | B119: Κουκιά Φρέσκα | C119: Ζαρζαβατικά | D119: gr | E119: 100 | F119: 72 | G119: 6 | H119: 12 | I119: 0.6 | K119: =$G119*Ref!$B$2+$H119*Ref!$B$3+$I119*Ref!$B$4+$J119 -> 77.4 | L119: =K119-F119 -> 5.4 | M119: =IF(K119>0,100*L119/K119,0) -> 6.9767442
A120: =IF(B120="","",MAX(A$2:A119)+1) -> 118 | B120: Κολοκυθοκεφτέδες Νησιώτικα | C120: Κατεψυγμένα | D120: pc | E120: =11/4 -> 2.75 | F120: 133 | G120: 3.4 | H120: 24.2 | I120: 2.2 | K120: =$G120*Ref!$B$2+$H120*Ref!$B$3+$I120*Ref!$B$4+$J120 -> 130.2 | L120: =K120-F120 -> -2.8 | M120: =IF(K120>0,100*L120/K120,0) -> -2.1505376
A121: =IF(B121="","",MAX(A$2:A120)+1) -> 119 | B121: Μπακαλιάρος φρέσκος | C121: Ψαρικά | D121: gr | E121: 100 | F121: 75 | G121: 14.8 | H121: 0 | I121: 1.8 | K121: =$G121*Ref!$B$2+$H121*Ref!$B$3+$I121*Ref!$B$4+$J121 -> 75.4 | L121: =K121-F121 -> 0.4 | M121: =IF(K121>0,100*L121/K121,0) -> 0.53050398
A122: =IF(B122="","",MAX(A$2:A121)+1) -> 120 | B122: Μπαρμπούνι | C122: Ψαρικά | D122: gr | E122: 100 | F122: 99 | G122: 18 | H122: 0 | I122: 3 | K122: =$G122*Ref!$B$2+$H122*Ref!$B$3+$I122*Ref!$B$4+$J122 -> 99 | L122: =K122-F122 -> 0 | M122: =IF(K122>0,100*L122/K122,0) -> 0
A123: =IF(B123="","",MAX(A$2:A122)+1) -> 121 | B123: Κουνουπίδι | C123: Ζαρζαβατικά | D123: gr | E123: 100 | F123: 30 | G123: 1.9 | H123: 5 | I123: 0.3 | K123: =$G123*Ref!$B$2+$H123*Ref!$B$3+$I123*Ref!$B$4+$J123 -> 30.3 | L123: =K123-F123 -> 0.3 | M123: =IF(K123>0,100*L123/K123,0) -> 0.99009901
A124: =IF(B124="","",MAX(A$2:A123)+1) -> 122 | B124: Κοτόπιτα Χορευτή | C124: Κατεψυγμένα | D124: gr | E124: 100 | F124: 284 | G124: 10.7 | H124: 28.8 | I124: 13.5 | K124: =$G124*Ref!$B$2+$H124*Ref!$B$3+$I124*Ref!$B$4+$J124 -> 279.5 | L124: =K124-F124 -> -4.5 | M124: =IF(K124>0,100*L124/K124,0) -> -1.6100179
A125: =IF(B125="","",MAX(A$2:A124)+1) -> 123 | B125: Σαρδέλες Αμβροσία | C125: Κονσέρβες | D125: gr | E125: 100 | F125: 350 | G125: 20.2 | H125: 0.6 | I125: 30.2 | K125: =$G125*Ref!$B$2+$H125*Ref!$B$3+$I125*Ref!$B$4+$J125 -> 355 | L125: =K125-F125 -> 5 | M125: =IF(K125>0,100*L125/K125,0) -> 1.4084507
A126: =IF(B126="","",MAX(A$2:A125)+1) -> 124 | B126: Τυρί Arla Havarti Light | C126: Γαλακτοκομικά | D126: slc | E126: 1 | F126: 78 | G126: 9 | H126: 0.2 | I126: 5 | K126: =$G126*Ref!$B$2+$H126*Ref!$B$3+$I126*Ref!$B$4+$J126 -> 81.8 | L126: =K126-F126 -> 3.8 | M126: =IF(K126>0,100*L126/K126,0) -> 4.6454768
A127: =IF(B127="","",MAX(A$2:A126)+1) -> 125 | B127: Σαρδέλα | C127: Ψαρικά | D127: gr | E127: 100 | F127: 145 | G127: 19.3 | H127: 0 | I127: 7.4 | K127: =$G127*Ref!$B$2+$H127*Ref!$B$3+$I127*Ref!$B$4+$J127 -> 143.8 | L127: =K127-F127 -> -1.2 | M127: =IF(K127>0,100*L127/K127,0) -> -0.83449235
A128: =IF(B128="","",MAX(A$2:A127)+1) -> 126 | B128: Κατσίκι | C128: Κρέας | D128: gr | E128: 100 | F128: 143 | G128: 27 | H128: 0 | I128: 3 | K128: =$G128*Ref!$B$2+$H128*Ref!$B$3+$I128*Ref!$B$4+$J128 -> 135 | L128: =K128-F128 -> -8 | M128: =IF(K128>0,100*L128/K128,0) -> -5.9259259
A129: =IF(B129="","",MAX(A$2:A128)+1) -> 127 | B129: Ψωμί Γερμ. Τύπου Πολύσπ. Παπαδοπούλου | C129: Άλευρα | D129: slc | E129: 1 | F129: 144 | G129: 5.2 | H129: 24.1 | I129: 2.3 | K129: =$G129*Ref!$B$2+$H129*Ref!$B$3+$I129*Ref!$B$4+$J129 -> 137.9 | L129: =K129-F129 -> -6.1 | M129: =IF(K129>0,100*L129/K129,0) -> -4.4234953
A130: =IF(B130="","",MAX(A$2:A129)+1) -> 128 | B130: Κουσκούς DelHaize | C130: Ζυμαρικά | D130: gr | E130: 100 | F130: 369 | G130: 13.2 | H130: 72.9 | I130: 2 | K130: =$G130*Ref!$B$2+$H130*Ref!$B$3+$I130*Ref!$B$4+$J130 -> 362.4 | L130: =K130-F130 -> -6.6 | M130: =IF(K130>0,100*L130/K130,0) -> -1.8211921
A131: =IF(B131="","",MAX(A$2:A130)+1) -> 129 | B131: Κάσιους Φυστίκια | C131: Ξηροί Καρποί | D131: gr | E131: 100 | F131: 533 | G131: 18 | H131: 30 | I131: 44 | K131: =$G131*Ref!$B$2+$H131*Ref!$B$3+$I131*Ref!$B$4+$J131 -> 588 | L131: =K131-F131 -> 55 | M131: =IF(K131>0,100*L131/K131,0) -> 9.3537415
A132: =IF(B132="","",MAX(A$2:A131)+1) -> 130 | B132: Χοιρομέρι Πασσιάς | C132: Αλλαντικά | D132: gr | E132: 100 | F132: 108 | G132: 14 | H132: 4 | I132: 4 | K132: =$G132*Ref!$B$2+$H132*Ref!$B$3+$I132*Ref!$B$4+$J132 -> 108 | L132: =K132-F132 -> 0 | M132: =IF(K132>0,100*L132/K132,0) -> 0
... A145: =IF(B145="","",MAX(A$2:A144)+1) -> 143 | B145: Σύκα ξερά | C145: Ξηροί Καρποί | D145: gr | E145: 100 | F145: 249 | G145: 3.6 | H145: 55.3 | I145: 1.5 | K145: =$G145*Ref!$B$2+$H145*Ref!$B$3+$I145*Ref!$B$4+$J145 -> 249.1 | L145: =K145-F145 -> 0.1 | M145: =IF(K145>0,100*L145/K145,0) -> 0.04014452
A146: 144 | B146: Χαλβάς Παραδοσιακός | C146: Γλυκά | D146: gr | E146: 100 | F146: 527 | G146: 13.5 | H146: 48.1 | I146: 30.4 | K146: =$G146*Ref!$B$2+$H146*Ref!$B$3+$I146*Ref!$B$4+$J146 -> 520 | L146: =K146-F146 -> -7 | M146: =IF(K146>0,100*L146/K146,0) -> -1.3461538
A147: 145 | B147: Γιαούρτι Πρόβειο Παραδοσιακό | C147: Γαλακτοκομικά | D147: gr | E147: 100 | F147: 97 | G147: 5.2 | H147: 4 | I147: 6.7 | K147: =$G147*Ref!$B$2+$H147*Ref!$B$3+$I147*Ref!$B$4+$J147 -> 97.1 | L147: =K147-F147 -> 0.1 | M147: =IF(K147>0,100*L147/K147,0) -> 0.10298661
A148: 146 | B148: Γαύρος Τράτα | C148: Ψαρικά | D148: gr | E148: 100 | F148: 99 | G148: 19 | H148: 0 | I148: 2.5 | K148: =$G148*Ref!$B$2+$H148*Ref!$B$3+$I148*Ref!$B$4+$J148 -> 98.5 | L148: =K148-F148 -> -0.5 | M148: =IF(K148>0,100*L148/K148,0) -> -0.50761421
A149: 147 | B149: Μπάμιες Κατεψυγμένες | C149: Ζαρζαβατικά | D149: gr | E149: 100 | F149: 40 | G149: 1.7 | H149: 6.6 | I149: 0.3 | K149: =$G149*Ref!$B$2+$H149*Ref!$B$3+$I149*Ref!$B$4+$J149 -> 35.9 | L149: =K149-F149 -> -4.1 | M149: =IF(K149>0,100*L149/K149,0) -> -11.420613
A150: 148 | B150: Μαρμελάδα Βύσσινο SpinSpan | C150: Γλυκά | D150: gr | E150: 100 | F150: 244 | G150: 0.6 | H150: 60 | I150: 0 | K150: =$G150*Ref!$B$2+$H150*Ref!$B$3+$I150*Ref!$B$4+$J150 -> 242.4 | L150: =K150-F150 -> -1.6 | M150: =IF(K150>0,100*L150/K150,0) -> -0.66006601
A151: 149 | B151: Φυστίκια Αιγίνης | C151: Ξηροί Καρποί | D151: gr | E151: 100 | F151: 596 | G151: 22.1 | H151: 10.2 | I151: 49.3 | K151: =$G151*Ref!$B$2+$H151*Ref!$B$3+$I151*Ref!$B$4+$J151 -> 572.9 | L151: =K151-F151 -> -23.1 | M151: =IF(K151>0,100*L151/K151,0) -> -4.0321173
A152: 150 | B152: Ψαρονέφρι | C152: Κρέας | D152: gr | E152: 100 | F152: 143 | G152: 26 | H152: 0 | I152: 3.5 | K152: =$G152*Ref!$B$2+$H152*Ref!$B$3+$I152*Ref!$B$4+$J152 -> 135.5 | L152: =K152-F152 -> -7.5 | M152: =IF(K152>0,100*L152/K152,0) -> -5.5350554
A153: 151 | B153: Γάλα Πλήρες 3% | C153: Γαλακτοκομικά | D153: gr | E153: 100 | F153: 63 | G153: 3.2 | H153: 4.7 | I153: 3.5 | K153: =$G153*Ref!$B$2+$H153*Ref!$B$3+$I153*Ref!$B$4+$J153 -> 63.1 | L153: =K153-F153 -> 0.1 | M153: =IF(K153>0,100*L153/K153,0) -> 0.15847861
A154: 152 | B154: Ψωμί της Γιαγιάς | C154: Άλευρα | D154: gr | E154: 100 | F154: 260 | G154: 11.8 | H154: 43 | I154: 3.2 | K154: =$G154*Ref!$B$2+$H154*Ref!$B$3+$I154*Ref!$B$4+$J154 -> 248 | L154: =K154-F154 -> -12 | M154: =IF(K154>0,100*L154/K154,0) -> -4.8387097
A155: 153 | B155: Λαβράκι | C155: Ψαρικά | D155: gr | E155: 100 | F155: 84 | G155: 18 | H155: 0 | I155: 1.3 | K155: =$G155*Ref!$B$2+$H155*Ref!$B$3+$I155*Ref!$B$4+$J155 -> 83.7 | L155: =K155-F155 -> -0.3 | M155: =IF(K155>0,100*L155/K155,0) -> -0.35842294
A156: 154 | B156: Μυζήθρα | C156: Γαλακτοκομικά | D156: gr | E156: 100 | F156: 228 | G156: 10 | H156: 4.8 | I156: 18.4 | K156: =$G156*Ref!$B$2+$H156*Ref!$B$3+$I156*Ref!$B$4+$J156 -> 224.8 | L156: =K156-F156 -> -3.2 | M156: =IF(K156>0,100*L156/K156,0) -> -1.4234875
A157: 155 | B157: Σνίτσελ Κοτόπουλο Πίνδος | C157: Πουλερικά | D157: gr | E157: 100 | F157: 243 | G157: 14 | H157: 17.5 | I157: 12.9 | K157: =$G157*Ref!$B$2+$H157*Ref!$B$3+$I157*Ref!$B$4+$J157 -> 242.1 | L157: =K157-F157 -> -0.9 | M157: =IF(K157>0,100*L157/K157,0) -> -0.37174721
... A165: 163 | B165: Ταχίνι | C165: Λίπη | D165: gr | E165: 100 | F165: 667 | G165: 25 | H165: 1.7 | I165: 60 | K165: =$G165*Ref!$B$2+$H165*Ref!$B$3+$I165*Ref!$B$4+$J165 -> 646.8 | L165: =K165-F165 -> -20.2 | M165: =IF(K165>0,100*L165/K165,0) -> -3.1230674
A166: 164 | B166: Κρασί 12.5% | C166: Ποτά | D166: gr | E166: 100 | F166: 110 | G166: 0 | H166: 0 | I166: 0 | J166: 110 | K166: =$G166*Ref!$B$2+$H166*Ref!$B$3+$I166*Ref!$B$4+$J166 -> 110 | L166: =K166-F166 -> 0 | M166: =IF(K166>0,100*L166/K166,0) -> 0
A167: =IF(B167="","",MAX(A$2:A166)+1) -> 165 | B167: Κοτόπουλο Μπούτι φιλέτο | C167: Πουλερικά | D167: gr | E167: 100 | F167: 170 | G167: 27 | H167: 0 | I167: 7 | K167: =$G167*Ref!$B$2+$H167*Ref!$B$3+$I167*Ref!$B$4+$J167 -> 171 | L167: =K167-F167 -> 1 | M167: =IF(K167>0,100*L167/K167,0) -> 0.58479532
A168: =IF(B168="","",MAX(A$2:A167)+1) -> 166 | B168: Κεφαλοτύρι | C168: Γαλακτοκομικά | D168: gr | E168: 100 | F168: 380 | G168: 27 | H168: 0.5 | I168: 30 | K168: =$G168*Ref!$B$2+$H168*Ref!$B$3+$I168*Ref!$B$4+$J168 -> 380 | L168: =K168-F168 -> 0 | M168: =IF(K168>0,100*L168/K168,0) -> 0

Sheet Συνδυασμοί
A1: id | B1: Όνομα | C1: Υλικά | D1: Μονάδα | E1: Ποσότητα | F1: Πρωτεΐνες g | G1: Υδατάνθρακες g | H1: Λίπη g | I1: Kcal Prote | J1: Kcal Carb | K1: Kcal Fat | L1: Θερμίδες
A2: =IF($B2<>"",IF($B2<>$B1,1,$A1+1),"") -> 1 | B2: Μελιτζανοπίλαφο | C2: Μελιτζάνες | D2: =IF(C2<>"",INDEX(Υλικά!$D$3:$D$130,MATCH(C2,Υλικά!$B$3:$B$130,0),1),"") -> gr | E2: 1380 | F2: =IF(C2<>"",$E2*INDEX(Υλικά!$G$3:$G$130,MATCH($C2,Υλικά!$B$3:$B$130,0),1)/INDEX(Υλικά!$E$3:$E$130,MATCH($C2,Υλικά!$B$3:$B$130,0),1),0) -> 13.8 | G2: =IF(C2<>"",$E2*INDEX(Υλικά!$H$3:$H$130,MATCH($C2,Υλικά!$B$3:$B$130,0),1)/INDEX(Υλικά!$E$3:$E$130,MATCH($C2,Υλικά!$B$3:$B$130,0),1),0) -> 81.42 | H2: =IF(C2<>"",$E2*INDEX(Υλικά!$I$3:$I$130,MATCH($C2,Υλικά!$B$3:$B$130,0),1)/INDEX(Υλικά!$E$3:$E$130,MATCH($C2,Υλικά!$B$3:$B$130,0),1),0) -> 2.76 | I2: =$F2*Ref!$B$2 -> 55.2 | J2: =$G2*Ref!$B$3 -> 325.68 | K2: =$H2*Ref!$B$4 -> 24.84 | L2: =SUM(I2:K2) -> 405.72
A3: =IF($B3<>"",IF($B3<>$B2,1,$A2+1),"") -> 2 | B3: Μελιτζανοπίλαφο | C3: Κρεμμύδι | D3: =IF(C3<>"",INDEX(Υλικά!$D$3:$D$130,MATCH(C3,Υλικά!$B$3:$B$130,0),1),"") -> gr | E3: 270 | F3: =IF(C3<>"",$E3*INDEX(Υλικά!$G$3:$G$130,MATCH($C3,Υλικά!$B$3:$B$130,0),1)/INDEX(Υλικά!$E$3:$E$130,MATCH($C3,Υλικά!$B$3:$B$130,0),1),0) -> 2.97 | G3: =IF(C3<>"",$E3*INDEX(Υλικά!$H$3:$H$130,MATCH($C3,Υλικά!$B$3:$B$130,0),1)/INDEX(Υλικά!$E$3:$E$130,MATCH($C3,Υλικά!$B$3:$B$130,0),1),0) -> 25.11 | H3: =IF(C3<>"",$E3*INDEX(Υλικά!$I$3:$I$130,MATCH($C3,Υλικά!$B$3:$B$130,0),1)/INDEX(Υλικά!$E$3:$E$130,MATCH($C3,Υλικά!$B$3:$B$130,0),1),0) -> 0.27 | I3: =$F3*Ref!$B$2 -> 11.88 | J3: =$G3*Ref!$B$3 -> 100.44 | K3: =$H3*Ref!$B$4 -> 2.43 | L3: =SUM(I3:K3) -> 114.75
A4: =IF($B4<>"",IF($B4<>$B3,1,$A3+1),"") -> 3 | B4: Μελιτζανοπίλαφο | C4: Πιπεριές | D4: =IF(C4<>"",INDEX(Υλικά!$D$3:$D$130,MATCH(C4,Υλικά!$B$3:$B$130,0),1),"") -> gr | E4: 120 | F4: =IF(C4<>"",$E4*INDEX(Υλικά!$G$3:$G$130,MATCH($C4,Υλικά!$B$3:$B$130,0),1)/INDEX(Υλικά!$E$3:$E$130,MATCH($C4,Υλικά!$B$3:$B$130,0),1),0) -> 1.08 | G4: =IF(C4<>"",$E4*INDEX(Υλικά!$H$3:$H$130,MATCH($C4,Υλικά!$B$3:$B$130,0),1)/INDEX(Υλικά!$E$3:$E$130,MATCH($C4,Υλικά!$B$3:$B$130,0),1),0) -> 5.52 | H4: =IF(C4<>"",$E4*INDEX(Υλικά!$I$3:$I$130,MATCH($C4,Υλικά!$B$3:$B$130,0),1)/INDEX(Υλικά!$E$3:$E$130,MATCH($C4,Υλικά!$B$3:$B$130,0),1),0) -> 0.24 | I4: =$F4*Ref!$B$2 -> 4.32 | J4: =$G4*Ref!$B$3 -> 22.08 | K4: =$H4*Ref!$B$4 -> 2.16 | L4: =SUM(I4:K4) -> 28.56
A5: =IF($B5<>"",IF($B5<>$B4,1,$A4+1),"") -> 4 | B5: Μελιτζανοπίλαφο | C5: Ζάχαρη | D5: =IF(C5<>"",INDEX(Υλικά!$D$3:$D$130,MATCH(C5,Υλικά!$B$3:$B$130,0),1),"") -> gr | E5: 5 | F5: =IF(C5<>"",$E5*INDEX(Υλικά!$G$3:$G$130,MATCH($C5,Υλικά!$B$3:$B$130,0),1)/INDEX(Υλικά!$E$3:$E$130,MATCH($C5,Υλικά!$B$3:$B$130,0),1),0) -> 0 | G5: =IF(C5<>"",$E5*INDEX(Υλικά!$H$3:$H$130,MATCH($C5,Υλικά!$B$3:$B$130,0),1)/INDEX(Υλικά!$E$3:$E$130,MATCH($C5,Υλικά!$B$3:$B$130,0),1),0) -> 5 | H5: =IF(C5<>"",$E5*INDEX(Υλικά!$I$3:$I$130,MATCH($C5,Υλικά!$B$3:$B$130,0),1)/INDEX(Υλικά!$E$3:$E$130,MATCH($C5,Υλικά!$B$3:$B$130,0),1),0) -> 0 | I5: =$F5*Ref!$B$2 -> 0 | J5: =$G5*Ref!$B$3 -> 20 | K5: =$H5*Ref!$B$4 -> 0 | L5: =SUM(I5:K5) -> 20
A6: =IF($B6<>"",IF($B6<>$B5,1,$A5+1),"") -> 5 | B6: Μελιτζανοπίλαφο | C6: Ελαιόλαδο | D6: =IF(C6<>"",INDEX(Υλικά!$D$3:$D$130,MATCH(C6,Υλικά!$B$3:$B$130,0),1),"") -> gr | E6: 50 | F6: =IF(C6<>"",$E6*INDEX(Υλικά!$G$3:$G$130,MATCH($C6,Υλικά!$B$3:$B$130,0),1)/INDEX(Υλικά!$E$3:$E$130,MATCH($C6,Υλικά!$B$3:$B$130,0),1),0) -> 0 | G6: =IF(C6<>"",$E6*INDEX(Υλικά!$H$3:$H$130,MATCH($C6,Υλικά!$B$3:$B$130,0),1)/INDEX(Υλικά!$E$3:$E$130,MATCH($C6,Υλικά!$B$3:$B$130,0),1),0) -> 0 | H6: =IF(C6<>"",$E6*INDEX(Υλικά!$I$3:$I$130,MATCH($C6,Υλικά!$B$3:$B$130,0),1)/INDEX(Υλικά!$E$3:$E$130,MATCH($C6,Υλικά!$B$3:$B$130,0),1),0) -> 46.65 | I6: =$F6*Ref!$B$2 -> 0 | J6: =$G6*Ref!$B$3 -> 0 | K6: =$H6*Ref!$B$4 -> 419.85 | L6: =SUM(I6:K6) -> 419.85
A7: =IF($B7<>"",IF($B7<>$B6,1,$A6+1),"") -> 6 | B7: Μελιτζανοπίλαφο | C7: Ντομάτα κονκασέ | D7: =IF(C7<>"",INDEX(Υλικά!$D$3:$D$130,MATCH(C7,Υλικά!$B$3:$B$130,0),1),"") -> pc | E7: 1 | F7: =IF(C7<>"",$E7*INDEX(Υλικά!$G$3:$G$130,MATCH($C7,Υλικά!$B$3:$B$130,0),1)/INDEX(Υλικά!$E$3:$E$130,MATCH($C7,Υλικά!$B$3:$B$130,0),1),0) -> 4.8 | G7: =IF(C7<>"",$E7*INDEX(Υλικά!$H$3:$H$130,MATCH($C7,Υλικά!$B$3:$B$130,0),1)/INDEX(Υλικά!$E$3:$E$130,MATCH($C7,Υλικά!$B$3:$B$130,0),1),0) -> 18.4 | H7: =IF(C7<>"",$E7*INDEX(Υλικά!$I$3:$I$130,MATCH($C7,Υλικά!$B$3:$B$130,0),1)/INDEX(Υλικά!$E$3:$E$130,MATCH($C7,Υλικά!$B$3:$B$130,0),1),0) -> 0.12 | I7: =$F7*Ref!$B$2 -> 19.2 | J7: =$G7*Ref!$B$3 -> 73.6 | K7: =$H7*Ref!$B$4 -> 1.08 | L7: =SUM(I7:K7) -> 93.88
A8: =IF($B8<>"",IF($B8<>$B7,1,$A7+1),"") -> 7 | B8: Μελιτζανοπίλαφο | C8: Ρύζι parboiled | D8: =IF(C8<>"",INDEX(Υλικά!$D$3:$D$130,MATCH(C8,Υλικά!$B$3:$B$130,0),1),"") -> gr | E8: 150 | F8: =IF(C8<>"",$E8*INDEX(Υλικά!$G$3:$G$130,MATCH($C8,Υλικά!$B$3:$B$130,0),1)/INDEX(Υλικά!$E$3:$E$130,MATCH($C8,Υλικά!$B$3:$B$130,0),1),0) -> 10.65 | G8: =IF(C8<>"",$E8*INDEX(Υλικά!$H$3:$H$130,MATCH($C8,Υλικά!$B$3:$B$130,0),1)/INDEX(Υλικά!$E$3:$E$130,MATCH($C8,Υλικά!$B$3:$B$130,0),1),0) -> 120 | H8: =IF(C8<>"",$E8*INDEX(Υλικά!$I$3:$I$130,MATCH($C8,Υλικά!$B$3:$B$130,0),1)/INDEX(Υλικά!$E$3:$E$130,MATCH($C8,Υλικά!$B$3:$B$130,0),1),0) -> 1.05 | I8: =$F8*Ref!$B$2 -> 42.6 | J8: =$G8*Ref!$B$3 -> 480 | K8: =$H8*Ref!$B$4 -> 9.45 | L8: =SUM(I8:K8) -> 532.05
A9: =IF($B9<>"",IF($B9<>$B8,1,$A8+1),"") -> 1 | B9: Χωριάτικη Σαλάτα | C9: Ντομάτα | D9: =IF(C9<>"",INDEX(Υλικά!$D$3:$D$130,MATCH(C9,Υλικά!$B$3:$B$130,0),1),"") -> gr | E9: 310 | F9: =IF(C9<>"",$E9*INDEX(Υλικά!$G$3:$G$130,MATCH($C9,Υλικά!$B$3:$B$130,0),1)/INDEX(Υλικά!$E$3:$E$130,MATCH($C9,Υλικά!$B$3:$B$130,0),1),0) -> 2.79 | G9: =IF(C9<>"",$E9*INDEX(Υλικά!$H$3:$H$130,MATCH($C9,Υλικά!$B$3:$B$130,0),1)/INDEX(Υλικά!$E$3:$E$130,MATCH($C9,Υλικά!$B$3:$B$130,0),1),0) -> 12.09 | H9: =IF(C9<>"",$E9*INDEX(Υλικά!$I$3:$I$130,MATCH($C9,Υλικά!$B$3:$B$130,0),1)/INDEX(Υλικά!$E$3:$E$130,MATCH($C9,Υλικά!$B$3:$B$130,0),1),0) -> 0.62 | I9: =$F9*Ref!$B$2 -> 11.16 | J9: =$G9*Ref!$B$3 -> 48.36 | K9: =$H9*Ref!$B$4 -> 5.58 | L9: =SUM(I9:K9) -> 65.1
A10: =IF($B10<>"",IF($B10<>$B9,1,$A9+1),"") -> 2 | B10: Χωριάτικη Σαλάτα | C10: Αγγούρι | D10: =IF(C10<>"",INDEX(Υλικά!$D$3:$D$130,MATCH(C10,Υλικά!$B$3:$B$130,0),1),"") -> gr | E10: 200 | F10: =IF(C10<>"",$E10*INDEX(Υλικά!$G$3:$G$130,MATCH($C10,Υλικά!$B$3:$B$130,0),1)/INDEX(Υλικά!$E$3:$E$130,MATCH($C10,Υλικά!$B$3:$B$130,0),1),0) -> 1.4 | G10: =IF(C10<>"",$E10*INDEX(Υλικά!$H$3:$H$130,MATCH($C10,Υλικά!$B$3:$B$130,0),1)/INDEX(Υλικά!$E$3:$E$130,MATCH($C10,Υλικά!$B$3:$B$130,0),1),0) -> 7.2 | H10: =IF(C10<>"",$E10*INDEX(Υλικά!$I$3:$I$130,MATCH($C10,Υλικά!$B$3:$B$130,0),1)/INDEX(Υλικά!$E$3:$E$130,MATCH($C10,Υλικά!$B$3:$B$130,0),1),0) -> 0.2 | I10: =$F10*Ref!$B$2 -> 5.6 | J10: =$G10*Ref!$B$3 -> 28.8 | K10: =$H10*Ref!$B$4 -> 1.8 | L10: =SUM(I10:K10) -> 36.2
A11: =IF($B11<>"",IF($B11<>$B10,1,$A10+1),"") -> 3 | B11: Χωριάτικη Σαλάτα | C11: Φέτα | D11: =IF(C11<>"",INDEX(Υλικά!$D$3:$D$130,MATCH(C11,Υλικά!$B$3:$B$130,0),1),"") -> gr | E11: 60 | F11: =IF(C11<>"",$E11*INDEX(Υλικά!$G$3:$G$130,MATCH($C11,Υλικά!$B$3:$B$130,0),1)/INDEX(Υλικά!$E$3:$E$130,MATCH($C11,Υλικά!$B$3:$B$130,0),1),0) -> 8.52 | G11: =IF(C11<>"",$E11*INDEX(Υλικά!$H$3:$H$130,MATCH($C11,Υλικά!$B$3:$B$130,0),1)/INDEX(Υλικά!$E$3:$E$130,MATCH($C11,Υλικά!$B$3:$B$130,0),1),0) -> 2.46 | H11: =IF(C11<>"",$E11*INDEX(Υλικά!$I$3:$I$130,MATCH($C11,Υλικά!$B$3:$B$130,0),1)/INDEX(Υλικά!$E$3:$E$130,MATCH($C11,Υλικά!$B$3:$B$130,0),1),0) -> 12.78 | I11: =$F11*Ref!$B$2 -> 34.08 | J11: =$G11*Ref!$B$3 -> 9.84 | K11: =$H11*Ref!$B$4 -> 115.02 | L11: =SUM(I11:K11) -> 158.94
A12: =IF($B12<>"",IF($B12<>$B11,1,$A11+1),"") -> 4 | B12: Χωριάτικη Σαλάτα | C12: Ελιές | D12: =IF(C12<>"",INDEX(Υλικά!$D$3:$D$130,MATCH(C12,Υλικά!$B$3:$B$130,0),1),"") -> pc | E12: 10 | F12: =IF(C12<>"",$E12*INDEX(Υλικά!$G$3:$G$130,MATCH($C12,Υλικά!$B$3:$B$130,0),1)/INDEX(Υλικά!$E$3:$E$130,MATCH($C12,Υλικά!$B$3:$B$130,0),1),0) -> 0.4 | G12: =IF(C12<>"",$E12*INDEX(Υλικά!$H$3:$H$130,MATCH($C12,Υλικά!$B$3:$B$130,0),1)/INDEX(Υλικά!$E$3:$E$130,MATCH($C12,Υλικά!$B$3:$B$130,0),1),0) -> 2.8 | H12: =IF(C12<>"",$E12*INDEX(Υλικά!$I$3:$I$130,MATCH($C12,Υλικά!$B$3:$B$130,0),1)/INDEX(Υλικά!$E$3:$E$130,MATCH($C12,Υλικά!$B$3:$B$130,0),1),0) -> 4.7 | I12: =$F12*Ref!$B$2 -> 1.6 | J12: =$G12*Ref!$B$3 -> 11.2 | K12: =$H12*Ref!$B$4 -> 42.3 | L12: =SUM(I12:K12) -> 55.1
A13: =IF($B13<>"",IF($B13<>$B12,1,$A12+1),"") -> 5 | B13: Χωριάτικη Σαλάτα | C13: Ελαιόλαδο | D13: =IF(C13<>"",INDEX(Υλικά!$D$3:$D$130,MATCH(C13,Υλικά!$B$3:$B$130,0),1),"") -> gr | E13: 10 | F13: =IF(C13<>"",$E13*INDEX(Υλικά!$G$3:$G$130,MATCH($C13,Υλικά!$B$3:$B$130,0),1)/INDEX(Υλικά!$E$3:$E$130,MATCH($C13,Υλικά!$B$3:$B$130,0),1),0) -> 0 | G13: =IF(C13<>"",$E13*INDEX(Υλικά!$H$3:$H$130,MATCH($C13,Υλικά!$B$3:$B$130,0),1)/INDEX(Υλικά!$E$3:$E$130,MATCH($C13,Υλικά!$B$3:$B$130,0),1),0) -> 0 | H13: =IF(C13<>"",$E13*INDEX(Υλικά!$I$3:$I$130,MATCH($C13,Υλικά!$B$3:$B$130,0),1)/INDEX(Υλικά!$E$3:$E$130,MATCH($C13,Υλικά!$B$3:$B$130,0),1),0) -> 9.33 | I13: =$F13*Ref!$B$2 -> 0 | J13: =$G13*Ref!$B$3 -> 0 | K13: =$H13*Ref!$B$4 -> 83.97 | L13: =SUM(I13:K13) -> 83.97
... A54: =IF($B54<>"",IF($B54<>$B53,1,$A53+1),"") -> 5 | B54: Μπιφτέκια Γαλοπούλας | C54: Καρότα | D54: =IF(C54<>"",INDEX(Υλικά!$D$3:$D$130,MATCH(C54,Υλικά!$B$3:$B$130,0),1),"") -> gr | E54: 250 | F54: =IF(C54<>"",$E54*INDEX(Υλικά!$G$3:$G$130,MATCH($C54,Υλικά!$B$3:$B$130,0),1)/INDEX(Υλικά!$E$3:$E$130,MATCH($C54,Υλικά!$B$3:$B$130,0),1),0) -> 2.75 | G54: =IF(C54<>"",$E54*INDEX(Υλικά!$H$3:$H$130,MATCH($C54,Υλικά!$B$3:$B$130,0),1)/INDEX(Υλικά!$E$3:$E$130,MATCH($C54,Υλικά!$B$3:$B$130,0),1),0) -> 24.25 | H54: =IF(C54<>"",$E54*INDEX(Υλικά!$I$3:$I$130,MATCH($C54,Υλικά!$B$3:$B$130,0),1)/INDEX(Υλικά!$E$3:$E$130,MATCH($C54,Υλικά!$B$3:$B$130,0),1),0) -> 0.5 | I54: =$F54*Ref!$B$2 -> 11 | J54: =$G54*Ref!$B$3 -> 97 | K54: =$H54*Ref!$B$4 -> 4.5 | L54: =SUM(I54:K54) -> 112.5
A55: =IF($B55<>"",IF($B55<>$B54,1,$A54+1),"") -> 6 | B55: Μπιφτέκια Γαλοπούλας | C55: Φρυγανιά Τριμμένη ΑΒ | D55: =IF(C55<>"",INDEX(Υλικά!$D$3:$D$130,MATCH(C55,Υλικά!$B$3:$B$130,0),1),"") -> gr | E55: 100 | F55: =IF(C55<>"",$E55*INDEX(Υλικά!$G$3:$G$130,MATCH($C55,Υλικά!$B$3:$B$130,0),1)/INDEX(Υλικά!$E$3:$E$130,MATCH($C55,Υλικά!$B$3:$B$130,0),1),0) -> 14.5 | G55: =IF(C55<>"",$E55*INDEX(Υλικά!$H$3:$H$130,MATCH($C55,Υλικά!$B$3:$B$130,0),1)/INDEX(Υλικά!$E$3:$E$130,MATCH($C55,Υλικά!$B$3:$B$130,0),1),0) -> 69.1 | H55: =IF(C55<>"",$E55*INDEX(Υλικά!$I$3:$I$130,MATCH($C55,Υλικά!$B$3:$B$130,0),1)/INDEX(Υλικά!$E$3:$E$130,MATCH($C55,Υλικά!$B$3:$B$130,0),1),0) -> 7.5 | I55: =$F55*Ref!$B$2 -> 58 | J55: =$G55*Ref!$B$3 -> 276.4 | K55: =$H55*Ref!$B$4 -> 67.5 | L55: =SUM(I55:K55) -> 401.9 | R55: =150*3650/2000 -> 273.75
A56: =IF($B56<>"",IF($B56<>$B55,1,$A55+1),"") -> 7 | B56: Μπιφτέκια Γαλοπούλας | C56: Αυγά | D56: =IF(C56<>"",INDEX(Υλικά!$D$3:$D$130,MATCH(C56,Υλικά!$B$3:$B$130,0),1),"") -> pc | E56: 1 | F56: =IF(C56<>"",$E56*INDEX(Υλικά!$G$3:$G$130,MATCH($C56,Υλικά!$B$3:$B$130,0),1)/INDEX(Υλικά!$E$3:$E$130,MATCH($C56,Υλικά!$B$3:$B$130,0),1),0) -> 7.8 | G56: =IF(C56<>"",$E56*INDEX(Υλικά!$H$3:$H$130,MATCH($C56,Υλικά!$B$3:$B$130,0),1)/INDEX(Υλικά!$E$3:$E$130,MATCH($C56,Υλικά!$B$3:$B$130,0),1),0) -> 0.66 | H56: =IF(C56<>"",$E56*INDEX(Υλικά!$I$3:$I$130,MATCH($C56,Υλικά!$B$3:$B$130,0),1)/INDEX(Υλικά!$E$3:$E$130,MATCH($C56,Υλικά!$B$3:$B$130,0),1),0) -> 6.6 | I56: =$F56*Ref!$B$2 -> 31.2 | J56: =$G56*Ref!$B$3 -> 2.64 | K56: =$H56*Ref!$B$4 -> 59.4 | L56: =SUM(I56:K56) -> 93.24
A57: =IF($B57<>"",IF($B57<>$B56,1,$A56+1),"") -> 1 | B57: Σουτζουκάκια Σμυρνέικα | C57: Μοσχάρι άπαχο | D57: =IF(C57<>"",INDEX(Υλικά!$D$3:$D$130,MATCH(C57,Υλικά!$B$3:$B$130,0),1),"") -> gr | E57: 1050 | F57: =IF(C57<>"",$E57*INDEX(Υλικά!$G$3:$G$130,MATCH($C57,Υλικά!$B$3:$B$130,0),1)/INDEX(Υλικά!$E$3:$E$130,MATCH($C57,Υλικά!$B$3:$B$130,0),1),0) -> 252 | G57: =IF(C57<>"",$E57*INDEX(Υλικά!$H$3:$H$130,MATCH($C57,Υλικά!$B$3:$B$130,0),1)/INDEX(Υλικά!$E$3:$E$130,MATCH($C57,Υλικά!$B$3:$B$130,0),1),0) -> 0 | H57: =IF(C57<>"",$E57*INDEX(Υλικά!$I$3:$I$130,MATCH($C57,Υλικά!$B$3:$B$130,0),1)/INDEX(Υλικά!$E$3:$E$130,MATCH($C57,Υλικά!$B$3:$B$130,0),1),0) -> 84 | I57: =$F57*Ref!$B$2 -> 1008 | J57: =$G57*Ref!$B$3 -> 0 | K57: =$H57*Ref!$B$4 -> 756 | L57: =SUM(I57:K57) -> 1764
A58: =IF($B58<>"",IF($B58<>$B57,1,$A57+1),"") -> 2 | B58: Σουτζουκάκια Σμυρνέικα | C58: Χοιρινό | D58: =IF(C58<>"",INDEX(Υλικά!$D$3:$D$130,MATCH(C58,Υλικά!$B$3:$B$130,0),1),"") -> gr | E58: 525 | F58: =IF(C58<>"",$E58*INDEX(Υλικά!$G$3:$G$130,MATCH($C58,Υλικά!$B$3:$B$130,0),1)/INDEX(Υλικά!$E$3:$E$130,MATCH($C58,Υλικά!$B$3:$B$130,0),1),0) -> 141.75 | G58: =IF(C58<>"",$E58*INDEX(Υλικά!$H$3:$H$130,MATCH($C58,Υλικά!$B$3:$B$130,0),1)/INDEX(Υλικά!$E$3:$E$130,MATCH($C58,Υλικά!$B$3:$B$130,0),1),0) -> 0 | H58: =IF(C58<>"",$E58*INDEX(Υλικά!$I$3:$I$130,MATCH($C58,Υλικά!$B$3:$B$130,0),1)/INDEX(Υλικά!$E$3:$E$130,MATCH($C58,Υλικά!$B$3:$B$130,0),1),0) -> 73.5 | I58: =$F58*Ref!$B$2 -> 567 | J58: =$G58*Ref!$B$3 -> 0 | K58: =$H58*Ref!$B$4 -> 661.5 | L58: =SUM(I58:K58) -> 1228.5
A59: =IF($B59<>"",IF($B59<>$B58,1,$A58+1),"") -> 3 | B59: Σουτζουκάκια Σμυρνέικα | C59: Ελαιόλαδο | D59: =IF(C59<>"",INDEX(Υλικά!$D$3:$D$130,MATCH(C59,Υλικά!$B$3:$B$130,0),1),"") -> gr | E59: 30 | F59: =IF(C59<>"",$E59*INDEX(Υλικά!$G$3:$G$130,MATCH($C59,Υλικά!$B$3:$B$130,0),1)/INDEX(Υλικά!$E$3:$E$130,MATCH($C59,Υλικά!$B$3:$B$130,0),1),0) -> 0 | G59: =IF(C59<>"",$E59*INDEX(Υλικά!$H$3:$H$130,MATCH($C59,Υλικά!$B$3:$B$130,0),1)/INDEX(Υλικά!$E$3:$E$130,MATCH($C59,Υλικά!$B$3:$B$130,0),1),0) -> 0 | H59: =IF(C59<>"",$E59*INDEX(Υλικά!$I$3:$I$130,MATCH($C59,Υλικά!$B$3:$B$130,0),1)/INDEX(Υλικά!$E$3:$E$130,MATCH($C59,Υλικά!$B$3:$B$130,0),1),0) -> 27.99 | I59: =$F59*Ref!$B$2 -> 0 | J59: =$G59*Ref!$B$3 -> 0 | K59: =$H59*Ref!$B$4 -> 251.91 | L59: =SUM(I59:K59) -> 251.91
A60: =IF($B60<>"",IF($B60<>$B59,1,$A59+1),"") -> 4 | B60: Σουτζουκάκια Σμυρνέικα | C60: Φρυγανιά Τριμμένη ΑΒ | D60: =IF(C60<>"",INDEX(Υλικά!$D$3:$D$130,MATCH(C60,Υλικά!$B$3:$B$130,0),1),"") -> gr | E60: 100 | F60: =IF(C60<>"",$E60*INDEX(Υλικά!$G$3:$G$130,MATCH($C60,Υλικά!$B$3:$B$130,0),1)/INDEX(Υλικά!$E$3:$E$130,MATCH($C60,Υλικά!$B$3:$B$130,0),1),0) -> 14.5 | G60: =IF(C60<>"",$E60*INDEX(Υλικά!$H$3:$H$130,MATCH($C60,Υλικά!$B$3:$B$130,0),1)/INDEX(Υλικά!$E$3:$E$130,MATCH($C60,Υλικά!$B$3:$B$130,0),1),0) -> 69.1 | H60: =IF(C60<>"",$E60*INDEX(Υλικά!$I$3:$I$130,MATCH($C60,Υλικά!$B$3:$B$130,0),1)/INDEX(Υλικά!$E$3:$E$130,MATCH($C60,Υλικά!$B$3:$B$130,0),1),0) -> 7.5 | I60: =$F60*Ref!$B$2 -> 58 | J60: =$G60*Ref!$B$3 -> 276.4 | K60: =$H60*Ref!$B$4 -> 67.5 | L60: =SUM(I60:K60) -> 401.9
A61: =IF($B61<>"",IF($B61<>$B60,1,$A60+1),"") -> 5 | B61: Σουτζουκάκια Σμυρνέικα | C61: Ελαιόλαδο | D61: =IF(C61<>"",INDEX(Υλικά!$D$3:$D$130,MATCH(C61,Υλικά!$B$3:$B$130,0),1),"") -> gr | E61: 100 | F61: =IF(C61<>"",$E61*INDEX(Υλικά!$G$3:$G$130,MATCH($C61,Υλικά!$B$3:$B$130,0),1)/INDEX(Υλικά!$E$3:$E$130,MATCH($C61,Υλικά!$B$3:$B$130,0),1),0) -> 0 | G61: =IF(C61<>"",$E61*INDEX(Υλικά!$H$3:$H$130,MATCH($C61,Υλικά!$B$3:$B$130,0),1)/INDEX(Υλικά!$E$3:$E$130,MATCH($C61,Υλικά!$B$3:$B$130,0),1),0) -> 0 | H61: =IF(C61<>"",$E61*INDEX(Υλικά!$I$3:$I$130,MATCH($C61,Υλικά!$B$3:$B$130,0),1)/INDEX(Υλικά!$E$3:$E$130,MATCH($C61,Υλικά!$B$3:$B$130,0),1),0) -> 93.3 | I61: =$F61*Ref!$B$2 -> 0 | J61: =$G61*Ref!$B$3 -> 0 | K61: =$H61*Ref!$B$4 -> 839.7 | L61: =SUM(I61:K61) -> 839.7
A62: =IF($B62<>"",IF($B62<>$B61,1,$A61+1),"") -> 6 | B62: Σουτζουκάκια Σμυρνέικα | C62: Ντομάτα κονκασέ | D62: =IF(C62<>"",INDEX(Υλικά!$D$3:$D$130,MATCH(C62,Υλικά!$B$3:$B$130,0),1),"") -> pc | E62: 2 | F62: =IF(C62<>"",$E62*INDEX(Υλικά!$G$3:$G$130,MATCH($C62,Υλικά!$B$3:$B$130,0),1)/INDEX(Υλικά!$E$3:$E$130,MATCH($C62,Υλικά!$B$3:$B$130,0),1),0) -> 9.6 | G62: =IF(C62<>"",$E62*INDEX(Υλικά!$H$3:$H$130,MATCH($C62,Υλικά!$B$3:$B$130,0),1)/INDEX(Υλικά!$E$3:$E$130,MATCH($C62,Υλικά!$B$3:$B$130,0),1),0) -> 36.8 | H62: =IF(C62<>"",$E62*INDEX(Υλικά!$I$3:$I$130,MATCH($C62,Υλικά!$B$3:$B$130,0),1)/INDEX(Υλικά!$E$3:$E$130,MATCH($C62,Υλικά!$B$3:$B$130,0),1),0) -> 0.24 | I62: =$F62*Ref!$B$2 -> 38.4 | J62: =$G62*Ref!$B$3 -> 147.2 | K62: =$H62*Ref!$B$4 -> 2.16 | L62: =SUM(I62:K62) -> 187.76
A63: =IF($B63<>"",IF($B63<>$B62,1,$A62+1),"") -> 1 | B63: Κάρυ Λαχανικών Γαλοπούλα | C63: Ελαιόλαδο | D63: =IF(C63<>"",INDEX(Υλικά!$D$3:$D$130,MATCH(C63,Υλικά!$B$3:$B$130,0),1),"") -> gr | E63: 35 | F63: =IF(C63<>"",$E63*INDEX(Υλικά!$G$3:$G$130,MATCH($C63,Υλικά!$B$3:$B$130,0),1)/INDEX(Υλικά!$E$3:$E$130,MATCH($C63,Υλικά!$B$3:$B$130,0),1),0) -> 0 | G63: =IF(C63<>"",$E63*INDEX(Υλικά!$H$3:$H$130,MATCH($C63,Υλικά!$B$3:$B$130,0),1)/INDEX(Υλικά!$E$3:$E$130,MATCH($C63,Υλικά!$B$3:$B$130,0),1),0) -> 0 | H63: =IF(C63<>"",$E63*INDEX(Υλικά!$I$3:$I$130,MATCH($C63,Υλικά!$B$3:$B$130,0),1)/INDEX(Υλικά!$E$3:$E$130,MATCH($C63,Υλικά!$B$3:$B$130,0),1),0) -> 32.655 | I63: =$F63*Ref!$B$2 -> 0 | J63: =$G63*Ref!$B$3 -> 0 | K63: =$H63*Ref!$B$4 -> 293.895 | L63: =SUM(I63:K63) -> 293.895
A64: =IF($B64<>"",IF($B64<>$B63,1,$A63+1),"") -> 2 | B64: Κάρυ Λαχανικών Γαλοπούλα | C64: Κρεμμύδι | D64: =IF(C64<>"",INDEX(Υλικά!$D$3:$D$130,MATCH(C64,Υλικά!$B$3:$B$130,0),1),"") -> gr | E64: 270 | F64: =IF(C64<>"",$E64*INDEX(Υλικά!$G$3:$G$130,MATCH($C64,Υλικά!$B$3:$B$130,0),1)/INDEX(Υλικά!$E$3:$E$130,MATCH($C64,Υλικά!$B$3:$B$130,0),1),0) -> 2.97 | G64: =IF(C64<>"",$E64*INDEX(Υλικά!$H$3:$H$130,MATCH($C64,Υλικά!$B$3:$B$130,0),1)/INDEX(Υλικά!$E$3:$E$130,MATCH($C64,Υλικά!$B$3:$B$130,0),1),0) -> 25.11 | H64: =IF(C64<>"",$E64*INDEX(Υλικά!$I$3:$I$130,MATCH($C64,Υλικά!$B$3:$B$130,0),1)/INDEX(Υλικά!$E$3:$E$130,MATCH($C64,Υλικά!$B$3:$B$130,0),1),0) -> 0.27 | I64: =$F64*Ref!$B$2 -> 11.88 | J64: =$G64*Ref!$B$3 -> 100.44 | K64: =$H64*Ref!$B$4 -> 2.43 | L64: =SUM(I64:K64) -> 114.75
A65: =IF($B65<>"",IF($B65<>$B64,1,$A64+1),"") -> 3 | B65: Κάρυ Λαχανικών Γαλοπούλα | C65: Γαλοπούλα Στήθος | D65: =IF(C65<>"",INDEX(Υλικά!$D$3:$D$130,MATCH(C65,Υλικά!$B$3:$B$130,0),1),"") -> gr | E65: 540 | F65: =IF(C65<>"",$E65*INDEX(Υλικά!$G$3:$G$130,MATCH($C65,Υλικά!$B$3:$B$130,0),1)/INDEX(Υλικά!$E$3:$E$130,MATCH($C65,Υλικά!$B$3:$B$130,0),1),0) -> 135 | G65: =IF(C65<>"",$E65*INDEX(Υλικά!$H$3:$H$130,MATCH($C65,Υλικά!$B$3:$B$130,0),1)/INDEX(Υλικά!$E$3:$E$130,MATCH($C65,Υλικά!$B$3:$B$130,0),1),0) -> 0 | H65: =IF(C65<>"",$E65*INDEX(Υλικά!$I$3:$I$130,MATCH($C65,Υλικά!$B$3:$B$130,0),1)/INDEX(Υλικά!$E$3:$E$130,MATCH($C65,Υλικά!$B$3:$B$130,0),1),0) -> 5.4 | I65: =$F65*Ref!$B$2 -> 540 | J65: =$G65*Ref!$B$3 -> 0 | K65: =$H65*Ref!$B$4 -> 48.6 | L65: =SUM(I65:K65) -> 588.6
A66: =IF($B66<>"",IF($B66<>$B65,1,$A65+1),"") -> 4 | B66: Κάρυ Λαχανικών Γαλοπούλα | C66: Καρότα | D66: =IF(C66<>"",INDEX(Υλικά!$D$3:$D$130,MATCH(C66,Υλικά!$B$3:$B$130,0),1),"") -> gr | E66: 310 | F66: =IF(C66<>"",$E66*INDEX(Υλικά!$G$3:$G$130,MATCH($C66,Υλικά!$B$3:$B$130,0),1)/INDEX(Υλικά!$E$3:$E$130,MATCH($C66,Υλικά!$B$3:$B$130,0),1),0) -> 3.41 | G66: =IF(C66<>"",$E66*INDEX(Υλικά!$H$3:$H$130,MATCH($C66,Υλικά!$B$3:$B$130,0),1)/INDEX(Υλικά!$E$3:$E$130,MATCH($C66,Υλικά!$B$3:$B$130,0),1),0) -> 30.07 | H66: =IF(C66<>"",$E66*INDEX(Υλικά!$I$3:$I$130,MATCH($C66,Υλικά!$B$3:$B$130,0),1)/INDEX(Υλικά!$E$3:$E$130,MATCH($C66,Υλικά!$B$3:$B$130,0),1),0) -> 0.62 | I66: =$F66*Ref!$B$2 -> 13.64 | J66: =$G66*Ref!$B$3 -> 120.28 | K66: =$H66*Ref!$B$4 -> 5.58 | L66: =SUM(I66:K66) -> 139.5
A67: =IF($B67<>"",IF($B67<>$B66,1,$A66+1),"") -> 5 | B67: Κάρυ Λαχανικών Γαλοπούλα | C67: Πατάτα | D67: =IF(C67<>"",INDEX(Υλικά!$D$3:$D$130,MATCH(C67,Υλικά!$B$3:$B$130,0),1),"") -> gr | E67: 570 | F67: =IF(C67<>"",$E67*INDEX(Υλικά!$G$3:$G$130,MATCH($C67,Υλικά!$B$3:$B$130,0),1)/INDEX(Υλικά!$E$3:$E$130,MATCH($C67,Υλικά!$B$3:$B$130,0),1),0) -> 11.4 | G67: =IF(C67<>"",$E67*INDEX(Υλικά!$H$3:$H$130,MATCH($C67,Υλικά!$B$3:$B$130,0),1)/INDEX(Υλικά!$E$3:$E$130,MATCH($C67,Υλικά!$B$3:$B$130,0),1),0) -> 96.9 | H67: =IF(C67<>"",$E67*INDEX(Υλικά!$I$3:$I$130,MATCH($C67,Υλικά!$B$3:$B$130,0),1)/INDEX(Υλικά!$E$3:$E$130,MATCH($C67,Υλικά!$B$3:$B$130,0),1),0) -> 0 | I67: =$F67*Ref!$B$2 -> 45.6 | J67: =$G67*Ref!$B$3 -> 387.6 | K67: =$H67*Ref!$B$4 -> 0 | L67: =SUM(I67:K67) -> 433.2
... A79: =IF($B79<>"",IF($B79<>$B78,1,$A78+1),"") -> 2 | B79: Πουρές | C79: Γάλα Εβαπορέ ΝΟΥΝΟΥ Light | D79: =IF(C79<>"",INDEX(Υλικά!$D$3:$D$130,MATCH(C79,Υλικά!$B$3:$B$130,0),1),"") -> gr | E79: 250 | F79: =IF(C79<>"",$E79*INDEX(Υλικά!$G$3:$G$130,MATCH($C79,Υλικά!$B$3:$B$130,0),1)/INDEX(Υλικά!$E$3:$E$130,MATCH($C79,Υλικά!$B$3:$B$130,0),1),0) -> 9.25 | G79: =IF(C79<>"",$E79*INDEX(Υλικά!$H$3:$H$130,MATCH($C79,Υλικά!$B$3:$B$130,0),1)/INDEX(Υλικά!$E$3:$E$130,MATCH($C79,Υλικά!$B$3:$B$130,0),1),0) -> 15 | H79: =IF(C79<>"",$E79*INDEX(Υλικά!$I$3:$I$130,MATCH($C79,Υλικά!$B$3:$B$130,0),1)/INDEX(Υλικά!$E$3:$E$130,MATCH($C79,Υλικά!$B$3:$B$130,0),1),0) -> 5.5 | I79: =$F79*Ref!$B$2 -> 37 | J79: =$G79*Ref!$B$3 -> 60 | K79: =$H79*Ref!$B$4 -> 49.5 | L79: =SUM(I79:K79) -> 146.5
A80: =IF($B80<>"",IF($B80<>$B79,1,$A79+1),"") -> 3 | B80: Πουρές | C80: Βούτυρο LURPAK | D80: =IF(C80<>"",INDEX(Υλικά!$D$3:$D$130,MATCH(C80,Υλικά!$B$3:$B$130,0),1),"") -> gr | E80: 38 | F80: =IF(C80<>"",$E80*INDEX(Υλικά!$G$3:$G$130,MATCH($C80,Υλικά!$B$3:$B$130,0),1)/INDEX(Υλικά!$E$3:$E$130,MATCH($C80,Υλικά!$B$3:$B$130,0),1),0) -> 0.228 | G80: =IF(C80<>"",$E80*INDEX(Υλικά!$H$3:$H$130,MATCH($C80,Υλικά!$B$3:$B$130,0),1)/INDEX(Υλικά!$E$3:$E$130,MATCH($C80,Υλικά!$B$3:$B$130,0),1),0) -> 0.266 | H80: =IF(C80<>"",$E80*INDEX(Υλικά!$I$3:$I$130,MATCH($C80,Υλικά!$B$3:$B$130,0),1)/INDEX(Υλικά!$E$3:$E$130,MATCH($C80,Υλικά!$B$3:$B$130,0),1),0) -> 31.16 | I80: =$F80*Ref!$B$2 -> 0.912 | J80: =$G80*Ref!$B$3 -> 1.064 | K80: =$H80*Ref!$B$4 -> 280.44 | L80: =SUM(I80:K80) -> 282.416 | M80: =SUM(L78:L80) -> 1416.916
A81: =IF($B81<>"",IF($B81<>$B80,1,$A80+1),"") -> 1 | B81: Μοσχάρι με μαύρη μπύρα | C81: Μοσχάρι άπαχο | D81: =IF(C81<>"",INDEX(Υλικά!$D$3:$D$130,MATCH(C81,Υλικά!$B$3:$B$130,0),1),"") -> gr | E81: 1350 | F81: =IF(C81<>"",$E81*INDEX(Υλικά!$G$3:$G$130,MATCH($C81,Υλικά!$B$3:$B$130,0),1)/INDEX(Υλικά!$E$3:$E$130,MATCH($C81,Υλικά!$B$3:$B$130,0),1),0) -> 324 | G81: =IF(C81<>"",$E81*INDEX(Υλικά!$H$3:$H$130,MATCH($C81,Υλικά!$B$3:$B$130,0),1)/INDEX(Υλικά!$E$3:$E$130,MATCH($C81,Υλικά!$B$3:$B$130,0),1),0) -> 0 | H81: =IF(C81<>"",$E81*INDEX(Υλικά!$I$3:$I$130,MATCH($C81,Υλικά!$B$3:$B$130,0),1)/INDEX(Υλικά!$E$3:$E$130,MATCH($C81,Υλικά!$B$3:$B$130,0),1),0) -> 108 | I81: =$F81*Ref!$B$2 -> 1296 | J81: =$G81*Ref!$B$3 -> 0 | K81: =$H81*Ref!$B$4 -> 972 | L81: =SUM(I81:K81) -> 2268
A82: =IF($B82<>"",IF($B82<>$B81,1,$A81+1),"") -> 2 | B82: Μοσχάρι με μαύρη μπύρα | C82: Ελαιόλαδο | D82: =IF(C82<>"",INDEX(Υλικά!$D$3:$D$130,MATCH(C82,Υλικά!$B$3:$B$130,0),1),"") -> gr | E82: 100 | F82: =IF(C82<>"",$E82*INDEX(Υλικά!$G$3:$G$130,MATCH($C82,Υλικά!$B$3:$B$130,0),1)/INDEX(Υλικά!$E$3:$E$130,MATCH($C82,Υλικά!$B$3:$B$130,0),1),0) -> 0 | G82: =IF(C82<>"",$E82*INDEX(Υλικά!$H$3:$H$130,MATCH($C82,Υλικά!$B$3:$B$130,0),1)/INDEX(Υλικά!$E$3:$E$130,MATCH($C82,Υλικά!$B$3:$B$130,0),1),0) -> 0 | H82: =IF(C82<>"",$E82*INDEX(Υλικά!$I$3:$I$130,MATCH($C82,Υλικά!$B$3:$B$130,0),1)/INDEX(Υλικά!$E$3:$E$130,MATCH($C82,Υλικά!$B$3:$B$130,0),1),0) -> 93.3 | I82: =$F82*Ref!$B$2 -> 0 | J82: =$G82*Ref!$B$3 -> 0 | K82: =$H82*Ref!$B$4 -> 839.7 | L82: =SUM(I82:K82) -> 839.7
A83: =IF($B83<>"",IF($B83<>$B82,1,$A82+1),"") -> 3 | B83: Μοσχάρι με μαύρη μπύρα | C83: Μπύρα 6% | D83: =IF(C83<>"",INDEX(Υλικά!$D$3:$D$130,MATCH(C83,Υλικά!$B$3:$B$130,0),1),"") -> gr | E83: 1332 | F83: =IF(C83<>"",$E83*INDEX(Υλικά!$G$3:$G$130,MATCH($C83,Υλικά!$B$3:$B$130,0),1)/INDEX(Υλικά!$E$3:$E$130,MATCH($C83,Υλικά!$B$3:$B$130,0),1),0) -> 6.66 | G83: =IF(C83<>"",$E83*INDEX(Υλικά!$H$3:$H$130,MATCH($C83,Υλικά!$B$3:$B$130,0),1)/INDEX(Υλικά!$E$3:$E$130,MATCH($C83,Υλικά!$B$3:$B$130,0),1),0) -> 47.952 | H83: =IF(C83<>"",$E83*INDEX(Υλικά!$I$3:$I$130,MATCH($C83,Υλικά!$B$3:$B$130,0),1)/INDEX(Υλικά!$E$3:$E$130,MATCH($C83,Υλικά!$B$3:$B$130,0),1),0) -> 0 | I83: =$F83*Ref!$B$2 -> 26.64 | J83: =$G83*Ref!$B$3 -> 191.808 | K83: =$H83*Ref!$B$4 -> 0 | L83: =SUM(I83:K83) -> 218.448
A84: =IF($B84<>"",IF($B84<>$B83,1,$A83+1),"") -> 4 | B84: Μοσχάρι με μαύρη μπύρα | C84: Κρεμμύδι | D84: =IF(C84<>"",INDEX(Υλικά!$D$3:$D$130,MATCH(C84,Υλικά!$B$3:$B$130,0),1),"") -> gr | E84: 750 | F84: =IF(C84<>"",$E84*INDEX(Υλικά!$G$3:$G$130,MATCH($C84,Υλικά!$B$3:$B$130,0),1)/INDEX(Υλικά!$E$3:$E$130,MATCH($C84,Υλικά!$B$3:$B$130,0),1),0) -> 8.25 | G84: =IF(C84<>"",$E84*INDEX(Υλικά!$H$3:$H$130,MATCH($C84,Υλικά!$B$3:$B$130,0),1)/INDEX(Υλικά!$E$3:$E$130,MATCH($C84,Υλικά!$B$3:$B$130,0),1),0) -> 69.75 | H84: =IF(C84<>"",$E84*INDEX(Υλικά!$I$3:$I$130,MATCH($C84,Υλικά!$B$3:$B$130,0),1)/INDEX(Υλικά!$E$3:$E$130,MATCH($C84,Υλικά!$B$3:$B$130,0),1),0) -> 0.75 | I84: =$F84*Ref!$B$2 -> 33 | J84: =$G84*Ref!$B$3 -> 279 | K84: =$H84*Ref!$B$4 -> 6.75 | L84: =SUM(I84:K84) -> 318.75
A85: =IF($B85<>"",IF($B85<>$B84,1,$A84+1),"") -> 5 | B85: Μοσχάρι με μαύρη μπύρα | C85: Καρότα | D85: =IF(C85<>"",INDEX(Υλικά!$D$3:$D$130,MATCH(C85,Υλικά!$B$3:$B$130,0),1),"") -> gr | E85: 200 | F85: =IF(C85<>"",$E85*INDEX(Υλικά!$G$3:$G$130,MATCH($C85,Υλικά!$B$3:$B$130,0),1)/INDEX(Υλικά!$E$3:$E$130,MATCH($C85,Υλικά!$B$3:$B$130,0),1),0) -> 2.2 | G85: =IF(C85<>"",$E85*INDEX(Υλικά!$H$3:$H$130,MATCH($C85,Υλικά!$B$3:$B$130,0),1)/INDEX(Υλικά!$E$3:$E$130,MATCH($C85,Υλικά!$B$3:$B$130,0),1),0) -> 19.4 | H85: =IF(C85<>"",$E85*INDEX(Υλικά!$I$3:$I$130,MATCH($C85,Υλικά!$B$3:$B$130,0),1)/INDEX(Υλικά!$E$3:$E$130,MATCH($C85,Υλικά!$B$3:$B$130,0),1),0) -> 0.4 | I85: =$F85*Ref!$B$2 -> 8.8 | J85: =$G85*Ref!$B$3 -> 77.6 | K85: =$H85*Ref!$B$4 -> 3.6 | L85: =SUM(I85:K85) -> 90
A86: =IF($B86<>"",IF($B86<>$B85,1,$A85+1),"") -> 6 | B86: Μοσχάρι με μαύρη μπύρα | C86: Μήλο | D86: =IF(C86<>"",INDEX(Υλικά!$D$3:$D$130,MATCH(C86,Υλικά!$B$3:$B$130,0),1),"") -> gr | E86: 700 | F86: =IF(C86<>"",$E86*INDEX(Υλικά!$G$3:$G$130,MATCH($C86,Υλικά!$B$3:$B$130,0),1)/INDEX(Υλικά!$E$3:$E$130,MATCH($C86,Υλικά!$B$3:$B$130,0),1),0) -> 2.1 | G86: =IF(C86<>"",$E86*INDEX(Υλικά!$H$3:$H$130,MATCH($C86,Υλικά!$B$3:$B$130,0),1)/INDEX(Υλικά!$E$3:$E$130,MATCH($C86,Υλικά!$B$3:$B$130,0),1),0) -> 98 | H86: =IF(C86<>"",$E86*INDEX(Υλικά!$I$3:$I$130,MATCH($C86,Υλικά!$B$3:$B$130,0),1)/INDEX(Υλικά!$E$3:$E$130,MATCH($C86,Υλικά!$B$3:$B$130,0),1),0) -> 1.4 | I86: =$F86*Ref!$B$2 -> 8.4 | J86: =$G86*Ref!$B$3 -> 392 | K86: =$H86*Ref!$B$4 -> 12.6 | L86: =SUM(I86:K86) -> 413 | M86: =SUM(L81:L86) -> 4147.898
A87: =IF($B87<>"",IF($B87<>$B86,1,$A86+1),"") -> 1 | B87: Βραδινό γιαούρτι-φρούτα | C87: Γιαούρτι Όλυμπος 2% | D87: =IF(C87<>"",INDEX(Υλικά!$D$3:$D$130,MATCH(C87,Υλικά!$B$3:$B$130,0),1),"") -> gr | E87: 200 | F87: =IF(C87<>"",$E87*INDEX(Υλικά!$G$3:$G$130,MATCH($C87,Υλικά!$B$3:$B$130,0),1)/INDEX(Υλικά!$E$3:$E$130,MATCH($C87,Υλικά!$B$3:$B$130,0),1),0) -> 16 | G87: =IF(C87<>"",$E87*INDEX(Υλικά!$H$3:$H$130,MATCH($C87,Υλικά!$B$3:$B$130,0),1)/INDEX(Υλικά!$E$3:$E$130,MATCH($C87,Υλικά!$B$3:$B$130,0),1),0) -> 8 | H87: =IF(C87<>"",$E87*INDEX(Υλικά!$I$3:$I$130,MATCH($C87,Υλικά!$B$3:$B$130,0),1)/INDEX(Υλικά!$E$3:$E$130,MATCH($C87,Υλικά!$B$3:$B$130,0),1),0) -> 4 | I87: =$F87*Ref!$B$2 -> 64 | J87: =$G87*Ref!$B$3 -> 32 | K87: =$H87*Ref!$B$4 -> 36 | L87: =SUM(I87:K87) -> 132
A88: =IF($B88<>"",IF($B88<>$B87,1,$A87+1),"") -> 2 | B88: Βραδινό γιαούρτι-φρούτα | C88: Βρώμη Quaker | D88: =IF(C88<>"",INDEX(Υλικά!$D$3:$D$130,MATCH(C88,Υλικά!$B$3:$B$130,0),1),"") -> gr | E88: 10 | F88: =IF(C88<>"",$E88*INDEX(Υλικά!$G$3:$G$130,MATCH($C88,Υλικά!$B$3:$B$130,0),1)/INDEX(Υλικά!$E$3:$E$130,MATCH($C88,Υλικά!$B$3:$B$130,0),1),0) -> 1.1 | G88: =IF(C88<>"",$E88*INDEX(Υλικά!$H$3:$H$130,MATCH($C88,Υλικά!$B$3:$B$130,0),1)/INDEX(Υλικά!$E$3:$E$130,MATCH($C88,Υλικά!$B$3:$B$130,0),1),0) -> 6 | H88: =IF(C88<>"",$E88*INDEX(Υλικά!$I$3:$I$130,MATCH($C88,Υλικά!$B$3:$B$130,0),1)/INDEX(Υλικά!$E$3:$E$130,MATCH($C88,Υλικά!$B$3:$B$130,0),1),0) -> 0.8 | I88: =$F88*Ref!$B$2 -> 4.4 | J88: =$G88*Ref!$B$3 -> 24 | K88: =$H88*Ref!$B$4 -> 7.2 | L88: =SUM(I88:K88) -> 35.6
A89: =IF($B89<>"",IF($B89<>$B88,1,$A88+1),"") -> 3 | B89: Βραδινό γιαούρτι-φρούτα | C89: Μήλο | D89: =IF(C89<>"",INDEX(Υλικά!$D$3:$D$130,MATCH(C89,Υλικά!$B$3:$B$130,0),1),"") -> gr | E89: 200 | F89: =IF(C89<>"",$E89*INDEX(Υλικά!$G$3:$G$130,MATCH($C89,Υλικά!$B$3:$B$130,0),1)/INDEX(Υλικά!$E$3:$E$130,MATCH($C89,Υλικά!$B$3:$B$130,0),1),0) -> 0.6 | G89: =IF(C89<>"",$E89*INDEX(Υλικά!$H$3:$H$130,MATCH($C89,Υλικά!$B$3:$B$130,0),1)/INDEX(Υλικά!$E$3:$E$130,MATCH($C89,Υλικά!$B$3:$B$130,0),1),0) -> 28 | H89: =IF(C89<>"",$E89*INDEX(Υλικά!$I$3:$I$130,MATCH($C89,Υλικά!$B$3:$B$130,0),1)/INDEX(Υλικά!$E$3:$E$130,MATCH($C89,Υλικά!$B$3:$B$130,0),1),0) -> 0.4 | I89: =$F89*Ref!$B$2 -> 2.4 | J89: =$G89*Ref!$B$3 -> 112 | K89: =$H89*Ref!$B$4 -> 3.6 | L89: =SUM(I89:K89) -> 118
A90: =IF($B90<>"",IF($B90<>$B89,1,$A89+1),"") -> 4 | B90: Βραδινό γιαούρτι-φρούτα | C90: Μαντερίνι | D90: =IF(C90<>"",INDEX(Υλικά!$D$3:$D$130,MATCH(C90,Υλικά!$B$3:$B$130,0),1),"") -> gr | E90: 80 | F90: =IF(C90<>"",$E90*INDEX(Υλικά!$G$3:$G$130,MATCH($C90,Υλικά!$B$3:$B$130,0),1)/INDEX(Υλικά!$E$3:$E$130,MATCH($C90,Υλικά!$B$3:$B$130,0),1),0) -> 0.64 | G90: =IF(C90<>"",$E90*INDEX(Υλικά!$H$3:$H$130,MATCH($C90,Υλικά!$B$3:$B$130,0),1)/INDEX(Υλικά!$E$3:$E$130,MATCH($C90,Υλικά!$B$3:$B$130,0),1),0) -> 10.4 | H90: =IF(C90<>"",$E90*INDEX(Υλικά!$I$3:$I$130,MATCH($C90,Υλικά!$B$3:$B$130,0),1)/INDEX(Υλικά!$E$3:$E$130,MATCH($C90,Υλικά!$B$3:$B$130,0),1),0) -> 0.24 | I90: =$F90*Ref!$B$2 -> 2.56 | J90: =$G90*Ref!$B$3 -> 41.6 | K90: =$H90*Ref!$B$4 -> 2.16 | L90: =SUM(I90:K90) -> 46.32
A91: =IF($B91<>"",IF($B91<>$B90,1,$A90+1),"") -> 5 | B91: Βραδινό γιαούρτι-φρούτα | C91: Μπανάνα | D91: =IF(C91<>"",INDEX(Υλικά!$D$3:$D$130,MATCH(C91,Υλικά!$B$3:$B$130,0),1),"") -> gr | E91: 100 | F91: =IF(C91<>"",$E91*INDEX(Υλικά!$G$3:$G$130,MATCH($C91,Υλικά!$B$3:$B$130,0),1)/INDEX(Υλικά!$E$3:$E$130,MATCH($C91,Υλικά!$B$3:$B$130,0),1),0) -> 1.1 | G91: =IF(C91<>"",$E91*INDEX(Υλικά!$H$3:$H$130,MATCH($C91,Υλικά!$B$3:$B$130,0),1)/INDEX(Υλικά!$E$3:$E$130,MATCH($C91,Υλικά!$B$3:$B$130,0),1),0) -> 22.8 | H91: =IF(C91<>"",$E91*INDEX(Υλικά!$I$3:$I$130,MATCH($C91,Υλικά!$B$3:$B$130,0),1)/INDEX(Υλικά!$E$3:$E$130,MATCH($C91,Υλικά!$B$3:$B$130,0),1),0) -> 0.3 | I91: =$F91*Ref!$B$2 -> 4.4 | J91: =$G91*Ref!$B$3 -> 91.2 | K91: =$H91*Ref!$B$4 -> 2.7 | L91: =SUM(I91:K91) -> 98.3
A92: =IF($B92<>"",IF($B92<>$B91,1,$A91+1),"") -> 1 | B92: Κολοκυθόσουπα | C92: Κολοκύθα-Ταμπουράς | D92: =IF(C92<>"",INDEX(Υλικά!$D$3:$D$130,MATCH(C92,Υλικά!$B$3:$B$130,0),1),"") -> gr | E92: 1000 | F92: =IF(C92<>"",$E92*INDEX(Υλικά!$G$3:$G$130,MATCH($C92,Υλικά!$B$3:$B$130,0),1)/INDEX(Υλικά!$E$3:$E$130,MATCH($C92,Υλικά!$B$3:$B$130,0),1),0) -> 10 | G92: =IF(C92<>"",$E92*INDEX(Υλικά!$H$3:$H$130,MATCH($C92,Υλικά!$B$3:$B$130,0),1)/INDEX(Υλικά!$E$3:$E$130,MATCH($C92,Υλικά!$B$3:$B$130,0),1),0) -> 70 | H92: =IF(C92<>"",$E92*INDEX(Υλικά!$I$3:$I$130,MATCH($C92,Υλικά!$B$3:$B$130,0),1)/INDEX(Υλικά!$E$3:$E$130,MATCH($C92,Υλικά!$B$3:$B$130,0),1),0) -> 1 | I92: =$F92*Ref!$B$2 -> 40 | J92: =$G92*Ref!$B$3 -> 280 | K92: =$H92*Ref!$B$4 -> 9 | L92: =SUM(I92:K92) -> 329
A93: =IF($B93<>"",IF($B93<>$B92,1,$A92+1),"") -> 2 | B93: Κολοκυθόσουπα | C93: Βούτυρο LURPAK | D93: =IF(C93<>"",INDEX(Υλικά!$D$3:$D$130,MATCH(C93,Υλικά!$B$3:$B$130,0),1),"") -> gr | E93: 20 | F93: =IF(C93<>"",$E93*INDEX(Υλικά!$G$3:$G$130,MATCH($C93,Υλικά!$B$3:$B$130,0),1)/INDEX(Υλικά!$E$3:$E$130,MATCH($C93,Υλικά!$B$3:$B$130,0),1),0) -> 0.12 | G93: =IF(C93<>"",$E93*INDEX(Υλικά!$H$3:$H$130,MATCH($C93,Υλικά!$B$3:$B$130,0),1)/INDEX(Υλικά!$E$3:$E$130,MATCH($C93,Υλικά!$B$3:$B$130,0),1),0) -> 0.14 | H93: =IF(C93<>"",$E93*INDEX(Υλικά!$I$3:$I$130,MATCH($C93,Υλικά!$B$3:$B$130,0),1)/INDEX(Υλικά!$E$3:$E$130,MATCH($C93,Υλικά!$B$3:$B$130,0),1),0) -> 16.4 | I93: =$F93*Ref!$B$2 -> 0.48 | J93: =$G93*Ref!$B$3 -> 0.56 | K93: =$H93*Ref!$B$4 -> 147.6 | L93: =SUM(I93:K93) -> 148.64
A94: =IF($B94<>"",IF($B94<>$B93,1,$A93+1),"") -> 3 | B94: Κολοκυθόσουπα | C94: Κρασί 10% | D94: =IF(C94<>"",INDEX(Υλικά!$D$3:$D$130,MATCH(C94,Υλικά!$B$3:$B$130,0),1),"") -> gr | E94: 150 | F94: =IF(C94<>"",$E94*INDEX(Υλικά!$G$3:$G$130,MATCH($C94,Υλικά!$B$3:$B$130,0),1)/INDEX(Υλικά!$E$3:$E$130,MATCH($C94,Υλικά!$B$3:$B$130,0),1),0) -> 0 | G94: =IF(C94<>"",$E94*INDEX(Υλικά!$H$3:$H$130,MATCH($C94,Υλικά!$B$3:$B$130,0),1)/INDEX(Υλικά!$E$3:$E$130,MATCH($C94,Υλικά!$B$3:$B$130,0),1),0) -> 0 | H94: =IF(C94<>"",$E94*INDEX(Υλικά!$I$3:$I$130,MATCH($C94,Υλικά!$B$3:$B$130,0),1)/INDEX(Υλικά!$E$3:$E$130,MATCH($C94,Υλικά!$B$3:$B$130,0),1),0) -> 0 | I94: =$F94*Ref!$B$2 -> 0 | J94: =$G94*Ref!$B$3 -> 0 | K94: =$H94*Ref!$B$4 -> 0 | L94: =SUM(I94:K94) -> 0
A95: =IF($B95<>"",IF($B95<>$B94,1,$A94+1),"") -> 4 | B95: Κολοκυθόσουπα | C95: Γιαούρτι Όλυμπος 2% | D95: =IF(C95<>"",INDEX(Υλικά!$D$3:$D$130,MATCH(C95,Υλικά!$B$3:$B$130,0),1),"") -> gr | E95: 200 | F95: =IF(C95<>"",$E95*INDEX(Υλικά!$G$3:$G$130,MATCH($C95,Υλικά!$B$3:$B$130,0),1)/INDEX(Υλικά!$E$3:$E$130,MATCH($C95,Υλικά!$B$3:$B$130,0),1),0) -> 16 | G95: =IF(C95<>"",$E95*INDEX(Υλικά!$H$3:$H$130,MATCH($C95,Υλικά!$B$3:$B$130,0),1)/INDEX(Υλικά!$E$3:$E$130,MATCH($C95,Υλικά!$B$3:$B$130,0),1),0) -> 8 | H95: =IF(C95<>"",$E95*INDEX(Υλικά!$I$3:$I$130,MATCH($C95,Υλικά!$B$3:$B$130,0),1)/INDEX(Υλικά!$E$3:$E$130,MATCH($C95,Υλικά!$B$3:$B$130,0),1),0) -> 4 | I95: =$F95*Ref!$B$2 -> 64 | J95: =$G95*Ref!$B$3 -> 32 | K95: =$H95*Ref!$B$4 -> 36 | L95: =SUM(I95:K95) -> 132
A96: =IF($B96<>"",IF($B96<>$B95,1,$A95+1),"") -> 1 | B96: Φακή Αντώνη | C96: Φακή | D96: =IF(C96<>"",INDEX(Υλικά!$D$3:$D$130,MATCH(C96,Υλικά!$B$3:$B$130,0),1),"") -> gr | E96: 600 | F96: =IF(C96<>"",$E96*INDEX(Υλικά!$G$3:$G$130,MATCH($C96,Υλικά!$B$3:$B$130,0),1)/INDEX(Υλικά!$E$3:$E$130,MATCH($C96,Υλικά!$B$3:$B$130,0),1),0) -> 156 | G96: =IF(C96<>"",$E96*INDEX(Υλικά!$H$3:$H$130,MATCH($C96,Υλικά!$B$3:$B$130,0),1)/INDEX(Υλικά!$E$3:$E$130,MATCH($C96,Υλικά!$B$3:$B$130,0),1),0) -> 360 | H96: =IF(C96<>"",$E96*INDEX(Υλικά!$I$3:$I$130,MATCH($C96,Υλικά!$B$3:$B$130,0),1)/INDEX(Υλικά!$E$3:$E$130,MATCH($C96,Υλικά!$B$3:$B$130,0),1),0) -> 6.6 | I96: =$F96*Ref!$B$2 -> 624 | J96: =$G96*Ref!$B$3 -> 1440 | K96: =$H96*Ref!$B$4 -> 59.4 | L96: =SUM(I96:K96) -> 2123.4
A97: =IF($B97<>"",IF($B97<>$B96,1,$A96+1),"") -> 2 | B97: Φακή Αντώνη | C97: Κρεμμύδι | D97: =IF(C97<>"",INDEX(Υλικά!$D$3:$D$130,MATCH(C97,Υλικά!$B$3:$B$130,0),1),"") -> gr | E97: 350 | F97: =IF(C97<>"",$E97*INDEX(Υλικά!$G$3:$G$130,MATCH($C97,Υλικά!$B$3:$B$130,0),1)/INDEX(Υλικά!$E$3:$E$130,MATCH($C97,Υλικά!$B$3:$B$130,0),1),0) -> 3.85 | G97: =IF(C97<>"",$E97*INDEX(Υλικά!$H$3:$H$130,MATCH($C97,Υλικά!$B$3:$B$130,0),1)/INDEX(Υλικά!$E$3:$E$130,MATCH($C97,Υλικά!$B$3:$B$130,0),1),0) -> 32.55 | H97: =IF(C97<>"",$E97*INDEX(Υλικά!$I$3:$I$130,MATCH($C97,Υλικά!$B$3:$B$130,0),1)/INDEX(Υλικά!$E$3:$E$130,MATCH($C97,Υλικά!$B$3:$B$130,0),1),0) -> 0.35 | I97: =$F97*Ref!$B$2 -> 15.4 | J97: =$G97*Ref!$B$3 -> 130.2 | K97: =$H97*Ref!$B$4 -> 3.15 | L97: =SUM(I97:K97) -> 148.75
A98: =IF($B98<>"",IF($B98<>$B97,1,$A97+1),"") -> 3 | B98: Φακή Αντώνη | C98: Καρότα | D98: =IF(C98<>"",INDEX(Υλικά!$D$3:$D$130,MATCH(C98,Υλικά!$B$3:$B$130,0),1),"") -> gr | E98: 380 | F98: =IF(C98<>"",$E98*INDEX(Υλικά!$G$3:$G$130,MATCH($C98,Υλικά!$B$3:$B$130,0),1)/INDEX(Υλικά!$E$3:$E$130,MATCH($C98,Υλικά!$B$3:$B$130,0),1),0) -> 4.18 | G98: =IF(C98<>"",$E98*INDEX(Υλικά!$H$3:$H$130,MATCH($C98,Υλικά!$B$3:$B$130,0),1)/INDEX(Υλικά!$E$3:$E$130,MATCH($C98,Υλικά!$B$3:$B$130,0),1),0) -> 36.86 | H98: =IF(C98<>"",$E98*INDEX(Υλικά!$I$3:$I$130,MATCH($C98,Υλικά!$B$3:$B$130,0),1)/INDEX(Υλικά!$E$3:$E$130,MATCH($C98,Υλικά!$B$3:$B$130,0),1),0) -> 0.76 | I98: =$F98*Ref!$B$2 -> 16.72 | J98: =$G98*Ref!$B$3 -> 147.44 | K98: =$H98*Ref!$B$4 -> 6.84 | L98: =SUM(I98:K98) -> 171
... A100: =IF($B100<>"",IF($B100<>$B99,1,$A99+1),"") -> 5 | B100: Φακή Αντώνη | C100: Πελτές Ντομάτας | D100: =IF(C100<>"",INDEX(Υλικά!$D$3:$D$130,MATCH(C100,Υλικά!$B$3:$B$130,0),1),"") -> gr | E100: 20 | F100: =IF(C100<>"",$E100*INDEX(Υλικά!$G$3:$G$130,MATCH($C100,Υλικά!$B$3:$B$130,0),1)/INDEX(Υλικά!$E$3:$E$130,MATCH($C100,Υλικά!$B$3:$B$130,0),1),0) -> 0.84 | G100: =IF(C100<>"",$E100*INDEX(Υλικά!$H$3:$H$130,MATCH($C100,Υλικά!$B$3:$B$130,0),1)/INDEX(Υλικά!$E$3:$E$130,MATCH($C100,Υλικά!$B$3:$B$130,0),1),0) -> 3.22 | H100: =IF(C100<>"",$E100*INDEX(Υλικά!$I$3:$I$130,MATCH($C100,Υλικά!$B$3:$B$130,0),1)/INDEX(Υλικά!$E$3:$E$130,MATCH($C100,Υλικά!$B$3:$B$130,0),1),0) -> 0.04 | I100: =$F100*Ref!$B$2 -> 3.36 | J100: =$G100*Ref!$B$3 -> 12.88 | K100: =$H100*Ref!$B$4 -> 0.36 | L100: =SUM(I100:K100) -> 16.6
A101: =IF($B101<>"",IF($B101<>$B100,1,$A100+1),"") -> 6 | B101: Φακή Αντώνη | C101: Ντομάτα Τρίφτη Μπαρμπα-Στάθης | D101: =IF(C101<>"",INDEX(Υλικά!$D$3:$D$130,MATCH(C101,Υλικά!$B$3:$B$130,0),1),"") -> gr | E101: 370 | F101: =IF(C101<>"",$E101*INDEX(Υλικά!$G$3:$G$130,MATCH($C101,Υλικά!$B$3:$B$130,0),1)/INDEX(Υλικά!$E$3:$E$130,MATCH($C101,Υλικά!$B$3:$B$130,0),1),0) -> 4.44 | G101: =IF(C101<>"",$E101*INDEX(Υλικά!$H$3:$H$130,MATCH($C101,Υλικά!$B$3:$B$130,0),1)/INDEX(Υλικά!$E$3:$E$130,MATCH($C101,Υλικά!$B$3:$B$130,0),1),0) -> 18.13 | H101: =IF(C101<>"",$E101*INDEX(Υλικά!$I$3:$I$130,MATCH($C101,Υλικά!$B$3:$B$130,0),1)/INDEX(Υλικά!$E$3:$E$130,MATCH($C101,Υλικά!$B$3:$B$130,0),1),0) -> 1.11 | I101: =$F101*Ref!$B$2 -> 17.76 | J101: =$G101*Ref!$B$3 -> 72.52 | K101: =$H101*Ref!$B$4 -> 9.99 | L101: =SUM(I101:K101) -> 100.27 | M101: 2600
A102: =IF($B102<>"",IF($B102<>$B101,1,$A101+1),"") -> 1 | B102: Ψωμί | C102: Αλεύρι ΓΟΧ Μύλοι Αγ. Γεωργίου | D102: =IF(C102<>"",INDEX(Υλικά!$D$3:$D$130,MATCH(C102,Υλικά!$B$3:$B$130,0),1),"") -> gr | E102: 750 | F102: =IF(C102<>"",$E102*INDEX(Υλικά!$G$3:$G$130,MATCH($C102,Υλικά!$B$3:$B$130,0),1)/INDEX(Υλικά!$E$3:$E$130,MATCH($C102,Υλικά!$B$3:$B$130,0),1),0) -> 82.5 | G102: =IF(C102<>"",$E102*INDEX(Υλικά!$H$3:$H$130,MATCH($C102,Υλικά!$B$3:$B$130,0),1)/INDEX(Υλικά!$E$3:$E$130,MATCH($C102,Υλικά!$B$3:$B$130,0),1),0) -> 544.5 | H102: =IF(C102<>"",$E102*INDEX(Υλικά!$I$3:$I$130,MATCH($C102,Υλικά!$B$3:$B$130,0),1)/INDEX(Υλικά!$E$3:$E$130,MATCH($C102,Υλικά!$B$3:$B$130,0),1),0) -> 8.25 | I102: =$F102*Ref!$B$2 -> 330 | J102: =$G102*Ref!$B$3 -> 2178 | K102: =$H102*Ref!$B$4 -> 74.25 | L102: =SUM(I102:K102) -> 2582.25
A103: =IF($B103<>"",IF($B103<>$B102,1,$A102+1),"") -> 2 | B103: Ψωμί | C103: Αλεύρι Ολικής Αλλατίνη | D103: =IF(C103<>"",INDEX(Υλικά!$D$3:$D$130,MATCH(C103,Υλικά!$B$3:$B$130,0),1),"") -> gr | E103: 375 | F103: =IF(C103<>"",$E103*INDEX(Υλικά!$G$3:$G$130,MATCH($C103,Υλικά!$B$3:$B$130,0),1)/INDEX(Υλικά!$E$3:$E$130,MATCH($C103,Υλικά!$B$3:$B$130,0),1),0) -> 45.375 | G103: =IF(C103<>"",$E103*INDEX(Υλικά!$H$3:$H$130,MATCH($C103,Υλικά!$B$3:$B$130,0),1)/INDEX(Υλικά!$E$3:$E$130,MATCH($C103,Υλικά!$B$3:$B$130,0),1),0) -> 269.25 | H103: =IF(C103<>"",$E103*INDEX(Υλικά!$I$3:$I$130,MATCH($C103,Υλικά!$B$3:$B$130,0),1)/INDEX(Υλικά!$E$3:$E$130,MATCH($C103,Υλικά!$B$3:$B$130,0),1),0) -> 6.375 | I103: =$F103*Ref!$B$2 -> 181.5 | J103: =$G103*Ref!$B$3 -> 1077 | K103: =$H103*Ref!$B$4 -> 57.375 | L103: =SUM(I103:K103) -> 1315.875
A104: =IF($B104<>"",IF($B104<>$B103,1,$A103+1),"") -> 1 | B104: Ομελέτα Φούρνου | C104: Αυγά | D104: =IF(C104<>"",INDEX(Υλικά!$D$3:$D$130,MATCH(C104,Υλικά!$B$3:$B$130,0),1),"") -> pc | E104: 10 | F104: =IF(C104<>"",$E104*INDEX(Υλικά!$G$3:$G$130,MATCH($C104,Υλικά!$B$3:$B$130,0),1)/INDEX(Υλικά!$E$3:$E$130,MATCH($C104,Υλικά!$B$3:$B$130,0),1),0) -> 78 | G104: =IF(C104<>"",$E104*INDEX(Υλικά!$H$3:$H$130,MATCH($C104,Υλικά!$B$3:$B$130,0),1)/INDEX(Υλικά!$E$3:$E$130,MATCH($C104,Υλικά!$B$3:$B$130,0),1),0) -> 6.6 | H104: =IF(C104<>"",$E104*INDEX(Υλικά!$I$3:$I$130,MATCH($C104,Υλικά!$B$3:$B$130,0),1)/INDEX(Υλικά!$E$3:$E$130,MATCH($C104,Υλικά!$B$3:$B$130,0),1),0) -> 66 | I104: =$F104*Ref!$B$2 -> 312 | J104: =$G104*Ref!$B$3 -> 26.4 | K104: =$H104*Ref!$B$4 -> 594 | L104: =SUM(I104:K104) -> 932.4
A105: =IF($B105<>"",IF($B105<>$B104,1,$A104+1),"") -> 2 | B105: Ομελέτα Φούρνου | C105: Ελαιόλαδο | D105: =IF(C105<>"",INDEX(Υλικά!$D$3:$D$130,MATCH(C105,Υλικά!$B$3:$B$130,0),1),"") -> gr | E105: 50 | F105: =IF(C105<>"",$E105*INDEX(Υλικά!$G$3:$G$130,MATCH($C105,Υλικά!$B$3:$B$130,0),1)/INDEX(Υλικά!$E$3:$E$130,MATCH($C105,Υλικά!$B$3:$B$130,0),1),0) -> 0 | G105: =IF(C105<>"",$E105*INDEX(Υλικά!$H$3:$H$130,MATCH($C105,Υλικά!$B$3:$B$130,0),1)/INDEX(Υλικά!$E$3:$E$130,MATCH($C105,Υλικά!$B$3:$B$130,0),1),0) -> 0 | H105: =IF(C105<>"",$E105*INDEX(Υλικά!$I$3:$I$130,MATCH($C105,Υλικά!$B$3:$B$130,0),1)/INDEX(Υλικά!$E$3:$E$130,MATCH($C105,Υλικά!$B$3:$B$130,0),1),0) -> 46.65 | I105: =$F105*Ref!$B$2 -> 0 | J105: =$G105*Ref!$B$3 -> 0 | K105: =$H105*Ref!$B$4 -> 419.85 | L105: =SUM(I105:K105) -> 419.85
A106: =IF($B106<>"",IF($B106<>$B105,1,$A105+1),"") -> 3 | B106: Ομελέτα Φούρνου | C106: Γάλα Εβαπορέ ΝΟΥΝΟΥ Light | D106: =IF(C106<>"",INDEX(Υλικά!$D$3:$D$130,MATCH(C106,Υλικά!$B$3:$B$130,0),1),"") -> gr | E106: 60 | F106: =IF(C106<>"",$E106*INDEX(Υλικά!$G$3:$G$130,MATCH($C106,Υλικά!$B$3:$B$130,0),1)/INDEX(Υλικά!$E$3:$E$130,MATCH($C106,Υλικά!$B$3:$B$130,0),1),0) -> 2.22 | G106: =IF(C106<>"",$E106*INDEX(Υλικά!$H$3:$H$130,MATCH($C106,Υλικά!$B$3:$B$130,0),1)/INDEX(Υλικά!$E$3:$E$130,MATCH($C106,Υλικά!$B$3:$B$130,0),1),0) -> 3.6 | H106: =IF(C106<>"",$E106*INDEX(Υλικά!$I$3:$I$130,MATCH($C106,Υλικά!$B$3:$B$130,0),1)/INDEX(Υλικά!$E$3:$E$130,MATCH($C106,Υλικά!$B$3:$B$130,0),1),0) -> 1.32 | I106: =$F106*Ref!$B$2 -> 8.88 | J106: =$G106*Ref!$B$3 -> 14.4 | K106: =$H106*Ref!$B$4 -> 11.88 | L106: =SUM(I106:K106) -> 35.16
A107: =IF($B107<>"",IF($B107<>$B106,1,$A106+1),"") -> 4 | B107: Ομελέτα Φούρνου | C107: Πατάτα | D107: =IF(C107<>"",INDEX(Υλικά!$D$3:$D$130,MATCH(C107,Υλικά!$B$3:$B$130,0),1),"") -> gr | E107: 200 | F107: =IF(C107<>"",$E107*INDEX(Υλικά!$G$3:$G$130,MATCH($C107,Υλικά!$B$3:$B$130,0),1)/INDEX(Υλικά!$E$3:$E$130,MATCH($C107,Υλικά!$B$3:$B$130,0),1),0) -> 4 | G107: =IF(C107<>"",$E107*INDEX(Υλικά!$H$3:$H$130,MATCH($C107,Υλικά!$B$3:$B$130,0),1)/INDEX(Υλικά!$E$3:$E$130,MATCH($C107,Υλικά!$B$3:$B$130,0),1),0) -> 34 | H107: =IF(C107<>"",$E107*INDEX(Υλικά!$I$3:$I$130,MATCH($C107,Υλικά!$B$3:$B$130,0),1)/INDEX(Υλικά!$E$3:$E$130,MATCH($C107,Υλικά!$B$3:$B$130,0),1),0) -> 0 | I107: =$F107*Ref!$B$2 -> 16 | J107: =$G107*Ref!$B$3 -> 136 | K107: =$H107*Ref!$B$4 -> 0 | L107: =SUM(I107:K107) -> 152
A108: =IF($B108<>"",IF($B108<>$B107,1,$A107+1),"") -> 5 | B108: Ομελέτα Φούρνου | C108: Κρεμμύδι | D108: =IF(C108<>"",INDEX(Υλικά!$D$3:$D$130,MATCH(C108,Υλικά!$B$3:$B$130,0),1),"") -> gr | E108: 100 | F108: =IF(C108<>"",$E108*INDEX(Υλικά!$G$3:$G$130,MATCH($C108,Υλικά!$B$3:$B$130,0),1)/INDEX(Υλικά!$E$3:$E$130,MATCH($C108,Υλικά!$B$3:$B$130,0),1),0) -> 1.1 | G108: =IF(C108<>"",$E108*INDEX(Υλικά!$H$3:$H$130,MATCH($C108,Υλικά!$B$3:$B$130,0),1)/INDEX(Υλικά!$E$3:$E$130,MATCH($C108,Υλικά!$B$3:$B$130,0),1),0) -> 9.3 | H108: =IF(C108<>"",$E108*INDEX(Υλικά!$I$3:$I$130,MATCH($C108,Υλικά!$B$3:$B$130,0),1)/INDEX(Υλικά!$E$3:$E$130,MATCH($C108,Υλικά!$B$3:$B$130,0),1),0) -> 0.1 | I108: =$F108*Ref!$B$2 -> 4.4 | J108: =$G108*Ref!$B$3 -> 37.2 | K108: =$H108*Ref!$B$4 -> 0.9 | L108: =SUM(I108:K108) -> 42.5
A109: =IF($B109<>"",IF($B109<>$B108,1,$A108+1),"") -> 6 | B109: Ομελέτα Φούρνου | C109: Πιπεριές | D109: =IF(C109<>"",INDEX(Υλικά!$D$3:$D$130,MATCH(C109,Υλικά!$B$3:$B$130,0),1),"") -> gr | E109: 100 | F109: =IF(C109<>"",$E109*INDEX(Υλικά!$G$3:$G$130,MATCH($C109,Υλικά!$B$3:$B$130,0),1)/INDEX(Υλικά!$E$3:$E$130,MATCH($C109,Υλικά!$B$3:$B$130,0),1),0) -> 0.9 | G109: =IF(C109<>"",$E109*INDEX(Υλικά!$H$3:$H$130,MATCH($C109,Υλικά!$B$3:$B$130,0),1)/INDEX(Υλικά!$E$3:$E$130,MATCH($C109,Υλικά!$B$3:$B$130,0),1),0) -> 4.6 | H109: =IF(C109<>"",$E109*INDEX(Υλικά!$I$3:$I$130,MATCH($C109,Υλικά!$B$3:$B$130,0),1)/INDEX(Υλικά!$E$3:$E$130,MATCH($C109,Υλικά!$B$3:$B$130,0),1),0) -> 0.2 | I109: =$F109*Ref!$B$2 -> 3.6 | J109: =$G109*Ref!$B$3 -> 18.4 | K109: =$H109*Ref!$B$4 -> 1.8 | L109: =SUM(I109:K109) -> 23.8
A110: =IF($B110<>"",IF($B110<>$B109,1,$A109+1),"") -> 7 | B110: Ομελέτα Φούρνου | C110: Φέτα | D110: =IF(C110<>"",INDEX(Υλικά!$D$3:$D$130,MATCH(C110,Υλικά!$B$3:$B$130,0),1),"") -> gr | E110: 100 | F110: =IF(C110<>"",$E110*INDEX(Υλικά!$G$3:$G$130,MATCH($C110,Υλικά!$B$3:$B$130,0),1)/INDEX(Υλικά!$E$3:$E$130,MATCH($C110,Υλικά!$B$3:$B$130,0),1),0) -> 14.2 | G110: =IF(C110<>"",$E110*INDEX(Υλικά!$H$3:$H$130,MATCH($C110,Υλικά!$B$3:$B$130,0),1)/INDEX(Υλικά!$E$3:$E$130,MATCH($C110,Υλικά!$B$3:$B$130,0),1),0) -> 4.1 | H110: =IF(C110<>"",$E110*INDEX(Υλικά!$I$3:$I$130,MATCH($C110,Υλικά!$B$3:$B$130,0),1)/INDEX(Υλικά!$E$3:$E$130,MATCH($C110,Υλικά!$B$3:$B$130,0),1),0) -> 21.3 | I110: =$F110*Ref!$B$2 -> 56.8 | J110: =$G110*Ref!$B$3 -> 16.4 | K110: =$H110*Ref!$B$4 -> 191.7 | L110: =SUM(I110:K110) -> 264.9
A111: =IF($B111<>"",IF($B111<>$B110,1,$A110+1),"") -> 1 | B111: Κουκιά Αντώνη | C111: Κουκιά | D111: =IF(C111<>"",INDEX(Υλικά!$D$3:$D$130,MATCH(C111,Υλικά!$B$3:$B$130,0),1),"") -> gr | E111: 500 | F111: =IF(C111<>"",$E111*INDEX(Υλικά!$G$3:$G$130,MATCH($C111,Υλικά!$B$3:$B$130,0),1)/INDEX(Υλικά!$E$3:$E$130,MATCH($C111,Υλικά!$B$3:$B$130,0),1),0) -> 130.5 | G111: =IF(C111<>"",$E111*INDEX(Υλικά!$H$3:$H$130,MATCH($C111,Υλικά!$B$3:$B$130,0),1)/INDEX(Υλικά!$E$3:$E$130,MATCH($C111,Υλικά!$B$3:$B$130,0),1),0) -> 291.5 | H111: =IF(C111<>"",$E111*INDEX(Υλικά!$I$3:$I$130,MATCH($C111,Υλικά!$B$3:$B$130,0),1)/INDEX(Υλικά!$E$3:$E$130,MATCH($C111,Υλικά!$B$3:$B$130,0),1),0) -> 7.5 | I111: =$F111*Ref!$B$2 -> 522 | J111: =$G111*Ref!$B$3 -> 1166 | K111: =$H111*Ref!$B$4 -> 67.5 | L111: =SUM(I111:K111) -> 1755.5
A112: =IF($B112<>"",IF($B112<>$B111,1,$A111+1),"") -> 2 | B112: Κουκιά Αντώνη | C112: Κρεμμύδι | D112: =IF(C112<>"",INDEX(Υλικά!$D$3:$D$130,MATCH(C112,Υλικά!$B$3:$B$130,0),1),"") -> gr | E112: 220 | F112: =IF(C112<>"",$E112*INDEX(Υλικά!$G$3:$G$130,MATCH($C112,Υλικά!$B$3:$B$130,0),1)/INDEX(Υλικά!$E$3:$E$130,MATCH($C112,Υλικά!$B$3:$B$130,0),1),0) -> 2.42 | G112: =IF(C112<>"",$E112*INDEX(Υλικά!$H$3:$H$130,MATCH($C112,Υλικά!$B$3:$B$130,0),1)/INDEX(Υλικά!$E$3:$E$130,MATCH($C112,Υλικά!$B$3:$B$130,0),1),0) -> 20.46 | H112: =IF(C112<>"",$E112*INDEX(Υλικά!$I$3:$I$130,MATCH($C112,Υλικά!$B$3:$B$130,0),1)/INDEX(Υλικά!$E$3:$E$130,MATCH($C112,Υλικά!$B$3:$B$130,0),1),0) -> 0.22 | I112: =$F112*Ref!$B$2 -> 9.68 | J112: =$G112*Ref!$B$3 -> 81.84 | K112: =$H112*Ref!$B$4 -> 1.98 | L112: =SUM(I112:K112) -> 93.5
A113: =IF($B113<>"",IF($B113<>$B112,1,$A112+1),"") -> 3 | B113: Κουκιά Αντώνη | C113: Ντομάτα Τρίφτη Μπαρμπα-Στάθης | D113: =IF(C113<>"",INDEX(Υλικά!$D$3:$D$130,MATCH(C113,Υλικά!$B$3:$B$130,0),1),"") -> gr | E113: 320 | F113: =IF(C113<>"",$E113*INDEX(Υλικά!$G$3:$G$130,MATCH($C113,Υλικά!$B$3:$B$130,0),1)/INDEX(Υλικά!$E$3:$E$130,MATCH($C113,Υλικά!$B$3:$B$130,0),1),0) -> 3.84 | G113: =IF(C113<>"",$E113*INDEX(Υλικά!$H$3:$H$130,MATCH($C113,Υλικά!$B$3:$B$130,0),1)/INDEX(Υλικά!$E$3:$E$130,MATCH($C113,Υλικά!$B$3:$B$130,0),1),0) -> 15.68 | H113: =IF(C113<>"",$E113*INDEX(Υλικά!$I$3:$I$130,MATCH($C113,Υλικά!$B$3:$B$130,0),1)/INDEX(Υλικά!$E$3:$E$130,MATCH($C113,Υλικά!$B$3:$B$130,0),1),0) -> 0.96 | I113: =$F113*Ref!$B$2 -> 15.36 | J113: =$G113*Ref!$B$3 -> 62.72 | K113: =$H113*Ref!$B$4 -> 8.64 | L113: =SUM(I113:K113) -> 86.72
... A221: =IF($B221<>"",IF($B221<>$B220,1,$A220+1),"") -> 4 | B221: Ρεβύθια Κάρυ | C221: Πελτές Ντομάτας | D221: =IF(C221<>"",INDEX(Υλικά!$D$3:$D$130,MATCH(C221,Υλικά!$B$3:$B$130,0),1),"") -> gr | E221: 20 | F221: =IF(C221<>"",$E221*INDEX(Υλικά!$G$3:$G$130,MATCH($C221,Υλικά!$B$3:$B$130,0),1)/INDEX(Υλικά!$E$3:$E$130,MATCH($C221,Υλικά!$B$3:$B$130,0),1),0) -> 0.84 | G221: =IF(C221<>"",$E221*INDEX(Υλικά!$H$3:$H$130,MATCH($C221,Υλικά!$B$3:$B$130,0),1)/INDEX(Υλικά!$E$3:$E$130,MATCH($C221,Υλικά!$B$3:$B$130,0),1),0) -> 3.22 | H221: =IF(C221<>"",$E221*INDEX(Υλικά!$I$3:$I$130,MATCH($C221,Υλικά!$B$3:$B$130,0),1)/INDEX(Υλικά!$E$3:$E$130,MATCH($C221,Υλικά!$B$3:$B$130,0),1),0) -> 0.04 | I221: =$F221*Ref!$B$2 -> 3.36 | J221: =$G221*Ref!$B$3 -> 12.88 | K221: =$H221*Ref!$B$4 -> 0.36 | L221: =SUM(I221:K221) -> 16.6
A222: =IF($B222<>"",IF($B222<>$B221,1,$A221+1),"") -> 1 | B222: Ομελέτα | C222: Αυγά | D222: =IF(B222<>"",INDEX(ΣυνδΑθρ!$I$2:$I$96,MATCH(B222,ΣυνδΑθρ!$A$2:$A$100,0),1),IF(C222<>"",INDEX(Υλικά!$D$3:$D$130,MATCH(C222,Υλικά!$B$3:$B$130,0),1),"")) -> pc | E222: 8 | F222: 2 | G222: =IF(C222<>"",$E222*INDEX(Υλικά!$H$3:$H$130,MATCH($C222,Υλικά!$B$3:$B$130,0),1)/INDEX(Υλικά!$E$3:$E$130,MATCH($C222,Υλικά!$B$3:$B$130,0),1),0) -> 5.28 | H222: =IF(C222<>"",$E222*INDEX(Υλικά!$I$3:$I$130,MATCH($C222,Υλικά!$B$3:$B$130,0),1)/INDEX(Υλικά!$E$3:$E$130,MATCH($C222,Υλικά!$B$3:$B$130,0),1),0) -> 52.8 | I222: =$F222*Ref!$B$2 -> 8 | J222: =$G222*Ref!$B$3 -> 21.12 | K222: =$H222*Ref!$B$4 -> 475.2 | L222: =SUM(I222:K222) -> 504.32
A223: =IF($B223<>"",IF($B223<>$B222,1,$A222+1),"") -> 2 | B223: Ομελέτα | C223: Γάλα Όλυμπος 1.5% | D223: =IF(B223<>"",INDEX(ΣυνδΑθρ!$I$2:$I$96,MATCH(B223,ΣυνδΑθρ!$A$2:$A$100,0),1),IF(C223<>"",INDEX(Υλικά!$D$3:$D$130,MATCH(C223,Υλικά!$B$3:$B$130,0),1),"")) -> pc | E223: 100 | F223: 25 | G223: =IF(C223<>"",$E223*INDEX(Υλικά!$H$3:$H$130,MATCH($C223,Υλικά!$B$3:$B$130,0),1)/INDEX(Υλικά!$E$3:$E$130,MATCH($C223,Υλικά!$B$3:$B$130,0),1),0) -> 4.7 | H223: =IF(C223<>"",$E223*INDEX(Υλικά!$I$3:$I$130,MATCH($C223,Υλικά!$B$3:$B$130,0),1)/INDEX(Υλικά!$E$3:$E$130,MATCH($C223,Υλικά!$B$3:$B$130,0),1),0) -> 1.5 | I223: =$F223*Ref!$B$2 -> 100 | J223: =$G223*Ref!$B$3 -> 18.8 | K223: =$H223*Ref!$B$4 -> 13.5 | L223: =SUM(I223:K223) -> 132.3
A224: =IF($B224<>"",IF($B224<>$B223,1,$A223+1),"") -> 3 | B224: Ομελέτα | C224: Αλεύρι ΓΟΧ Μύλοι Αγ. Γεωργίου | D224: =IF(B224<>"",INDEX(ΣυνδΑθρ!$I$2:$I$96,MATCH(B224,ΣυνδΑθρ!$A$2:$A$100,0),1),IF(C224<>"",INDEX(Υλικά!$D$3:$D$130,MATCH(C224,Υλικά!$B$3:$B$130,0),1),"")) -> pc | E224: 20 | F224: 5 | G224: =IF(C224<>"",$E224*INDEX(Υλικά!$H$3:$H$130,MATCH($C224,Υλικά!$B$3:$B$130,0),1)/INDEX(Υλικά!$E$3:$E$130,MATCH($C224,Υλικά!$B$3:$B$130,0),1),0) -> 14.52 | H224: =IF(C224<>"",$E224*INDEX(Υλικά!$I$3:$I$130,MATCH($C224,Υλικά!$B$3:$B$130,0),1)/INDEX(Υλικά!$E$3:$E$130,MATCH($C224,Υλικά!$B$3:$B$130,0),1),0) -> 0.22 | I224: =$F224*Ref!$B$2 -> 20 | J224: =$G224*Ref!$B$3 -> 58.08 | K224: =$H224*Ref!$B$4 -> 1.98 | L224: =SUM(I224:K224) -> 80.06
A225: =IF($B225<>"",IF($B225<>$B224,1,$A224+1),"") -> 4 | B225: Ομελέτα | C225: Πιπεριές | D225: =IF(B225<>"",INDEX(ΣυνδΑθρ!$I$2:$I$96,MATCH(B225,ΣυνδΑθρ!$A$2:$A$100,0),1),IF(C225<>"",INDEX(Υλικά!$D$3:$D$130,MATCH(C225,Υλικά!$B$3:$B$130,0),1),"")) -> pc | E225: 250 | F225: 50 | G225: =IF(C225<>"",$E225*INDEX(Υλικά!$H$3:$H$130,MATCH($C225,Υλικά!$B$3:$B$130,0),1)/INDEX(Υλικά!$E$3:$E$130,MATCH($C225,Υλικά!$B$3:$B$130,0),1),0) -> 11.5 | H225: =IF(C225<>"",$E225*INDEX(Υλικά!$I$3:$I$130,MATCH($C225,Υλικά!$B$3:$B$130,0),1)/INDEX(Υλικά!$E$3:$E$130,MATCH($C225,Υλικά!$B$3:$B$130,0),1),0) -> 0.5 | I225: =$F225*Ref!$B$2 -> 200 | J225: =$G225*Ref!$B$3 -> 46 | K225: =$H225*Ref!$B$4 -> 4.5 | L225: =SUM(I225:K225) -> 250.5
A226: =IF($B226<>"",IF($B226<>$B225,1,$A225+1),"") -> 5 | B226: Ομελέτα | C226: Ελαιόλαδο | D226: =IF(B226<>"",INDEX(ΣυνδΑθρ!$I$2:$I$96,MATCH(B226,ΣυνδΑθρ!$A$2:$A$100,0),1),IF(C226<>"",INDEX(Υλικά!$D$3:$D$130,MATCH(C226,Υλικά!$B$3:$B$130,0),1),"")) -> pc | E226: 30 | F226: 7.5 | G226: =IF(C226<>"",$E226*INDEX(Υλικά!$H$3:$H$130,MATCH($C226,Υλικά!$B$3:$B$130,0),1)/INDEX(Υλικά!$E$3:$E$130,MATCH($C226,Υλικά!$B$3:$B$130,0),1),0) -> 0 | H226: =IF(C226<>"",$E226*INDEX(Υλικά!$I$3:$I$130,MATCH($C226,Υλικά!$B$3:$B$130,0),1)/INDEX(Υλικά!$E$3:$E$130,MATCH($C226,Υλικά!$B$3:$B$130,0),1),0) -> 27.99 | I226: =$F226*Ref!$B$2 -> 30 | J226: =$G226*Ref!$B$3 -> 0 | K226: =$H226*Ref!$B$4 -> 251.91 | L226: =SUM(I226:K226) -> 281.91
A227: =IF($B227<>"",IF($B227<>$B226,1,$A226+1),"") -> 6 | B227: Ομελέτα | C227: Φέτα | D227: =IF(B227<>"",INDEX(ΣυνδΑθρ!$I$2:$I$96,MATCH(B227,ΣυνδΑθρ!$A$2:$A$100,0),1),IF(C227<>"",INDEX(Υλικά!$D$3:$D$130,MATCH(C227,Υλικά!$B$3:$B$130,0),1),"")) -> pc | E227: 50 | F227: 12 | G227: =IF(C227<>"",$E227*INDEX(Υλικά!$H$3:$H$130,MATCH($C227,Υλικά!$B$3:$B$130,0),1)/INDEX(Υλικά!$E$3:$E$130,MATCH($C227,Υλικά!$B$3:$B$130,0),1),0) -> 2.05 | H227: =IF(C227<>"",$E227*INDEX(Υλικά!$I$3:$I$130,MATCH($C227,Υλικά!$B$3:$B$130,0),1)/INDEX(Υλικά!$E$3:$E$130,MATCH($C227,Υλικά!$B$3:$B$130,0),1),0) -> 10.65 | I227: =$F227*Ref!$B$2 -> 48 | J227: =$G227*Ref!$B$3 -> 8.2 | K227: =$H227*Ref!$B$4 -> 95.85 | L227: =SUM(I227:K227) -> 152.05
A228: =IF($B228<>"",IF($B228<>$B227,1,$A227+1),"") -> 7 | B228: Ομελέτα | C228: Γραβιέρα | D228: =IF(B228<>"",INDEX(ΣυνδΑθρ!$I$2:$I$96,MATCH(B228,ΣυνδΑθρ!$A$2:$A$100,0),1),IF(C228<>"",INDEX(Υλικά!$D$3:$D$130,MATCH(C228,Υλικά!$B$3:$B$130,0),1),"")) -> pc | E228: 100 | F228: 25 | G228: =IF(C228<>"",$E228*INDEX(Υλικά!$H$3:$H$130,MATCH($C228,Υλικά!$B$3:$B$130,0),1)/INDEX(Υλικά!$E$3:$E$130,MATCH($C228,Υλικά!$B$3:$B$130,0),1),0) -> 0 | H228: =IF(C228<>"",$E228*INDEX(Υλικά!$I$3:$I$130,MATCH($C228,Υλικά!$B$3:$B$130,0),1)/INDEX(Υλικά!$E$3:$E$130,MATCH($C228,Υλικά!$B$3:$B$130,0),1),0) -> 34 | I228: =$F228*Ref!$B$2 -> 100 | J228: =$G228*Ref!$B$3 -> 0 | K228: =$H228*Ref!$B$4 -> 306 | L228: =SUM(I228:K228) -> 406
A229: =IF($B229<>"",IF($B229<>$B228,1,$A228+1),"") -> 8 | B229: Ομελέτα | C229: Κρεμμύδι | D229: =IF(B229<>"",INDEX(ΣυνδΑθρ!$I$2:$I$96,MATCH(B229,ΣυνδΑθρ!$A$2:$A$100,0),1),IF(C229<>"",INDEX(Υλικά!$D$3:$D$130,MATCH(C229,Υλικά!$B$3:$B$130,0),1),"")) -> pc | E229: 100 | F229: 25 | G229: =IF(C229<>"",$E229*INDEX(Υλικά!$H$3:$H$130,MATCH($C229,Υλικά!$B$3:$B$130,0),1)/INDEX(Υλικά!$E$3:$E$130,MATCH($C229,Υλικά!$B$3:$B$130,0),1),0) -> 9.3 | H229: =IF(C229<>"",$E229*INDEX(Υλικά!$I$3:$I$130,MATCH($C229,Υλικά!$B$3:$B$130,0),1)/INDEX(Υλικά!$E$3:$E$130,MATCH($C229,Υλικά!$B$3:$B$130,0),1),0) -> 0.1 | I229: =$F229*Ref!$B$2 -> 100 | J229: =$G229*Ref!$B$3 -> 37.2 | K229: =$H229*Ref!$B$4 -> 0.9 | L229: =SUM(I229:K229) -> 138.1
A230: =IF($B230<>"",IF($B230<>$B229,1,$A229+1),"") -> 1 | B230: Ρύζι τόνος | C230: Ρύζι parboiled | D230: =IF(C230<>"",INDEX(Υλικά!$D$3:$D$130,MATCH(C230,Υλικά!$B$3:$B$130,0),1),"") -> gr | E230: 200 | F230: 25 | G230: =IF(C230<>"",$E230*INDEX(Υλικά!$H$3:$H$130,MATCH($C230,Υλικά!$B$3:$B$130,0),1)/INDEX(Υλικά!$E$3:$E$130,MATCH($C230,Υλικά!$B$3:$B$130,0),1),0) -> 160 | H230: =IF(C230<>"",$E230*INDEX(Υλικά!$I$3:$I$130,MATCH($C230,Υλικά!$B$3:$B$130,0),1)/INDEX(Υλικά!$E$3:$E$130,MATCH($C230,Υλικά!$B$3:$B$130,0),1),0) -> 1.4 | I230: =$F230*Ref!$B$2 -> 100 | J230: =$G230*Ref!$B$3 -> 640 | K230: =$H230*Ref!$B$4 -> 12.6 | L230: =SUM(I230:K230) -> 752.6
A231: =IF($B231<>"",IF($B231<>$B230,1,$A230+1),"") -> 2 | B231: Ρύζι τόνος | C231: Τόνος σε Νερό 365 200g | D231: =IF(C231<>"",INDEX(Υλικά!$D$3:$D$130,MATCH(C231,Υλικά!$B$3:$B$130,0),1),"") -> pc | E231: 2 | F231: =IF(C231<>"",$E231*INDEX(Υλικά!$G$3:$G$130,MATCH($C231,Υλικά!$B$3:$B$130,0),1)/INDEX(Υλικά!$E$3:$E$130,MATCH($C231,Υλικά!$B$3:$B$130,0),1),0) -> 94 | G231: =IF(C231<>"",$E231*INDEX(Υλικά!$H$3:$H$130,MATCH($C231,Υλικά!$B$3:$B$130,0),1)/INDEX(Υλικά!$E$3:$E$130,MATCH($C231,Υλικά!$B$3:$B$130,0),1),0) -> 0 | H231: =IF(C231<>"",$E231*INDEX(Υλικά!$I$3:$I$130,MATCH($C231,Υλικά!$B$3:$B$130,0),1)/INDEX(Υλικά!$E$3:$E$130,MATCH($C231,Υλικά!$B$3:$B$130,0),1),0) -> 2.4 | I231: =$F231*Ref!$B$2 -> 376 | J231: =$G231*Ref!$B$3 -> 0 | K231: =$H231*Ref!$B$4 -> 21.6 | L231: =SUM(I231:K231) -> 397.6
A232: =IF($B232<>"",IF($B232<>$B231,1,$A231+1),"") -> 3 | B232: Ρύζι τόνος | C232: Ελαιόλαδο | D232: =IF(C232<>"",INDEX(Υλικά!$D$3:$D$130,MATCH(C232,Υλικά!$B$3:$B$130,0),1),"") -> gr | E232: 20 | F232: =IF(C232<>"",$E232*INDEX(Υλικά!$G$3:$G$130,MATCH($C232,Υλικά!$B$3:$B$130,0),1)/INDEX(Υλικά!$E$3:$E$130,MATCH($C232,Υλικά!$B$3:$B$130,0),1),0) -> 0 | G232: =IF(C232<>"",$E232*INDEX(Υλικά!$H$3:$H$130,MATCH($C232,Υλικά!$B$3:$B$130,0),1)/INDEX(Υλικά!$E$3:$E$130,MATCH($C232,Υλικά!$B$3:$B$130,0),1),0) -> 0 | H232: =IF(C232<>"",$E232*INDEX(Υλικά!$I$3:$I$130,MATCH($C232,Υλικά!$B$3:$B$130,0),1)/INDEX(Υλικά!$E$3:$E$130,MATCH($C232,Υλικά!$B$3:$B$130,0),1),0) -> 18.66 | I232: =$F232*Ref!$B$2 -> 0 | J232: =$G232*Ref!$B$3 -> 0 | K232: =$H232*Ref!$B$4 -> 167.94 | L232: =SUM(I232:K232) -> 167.94
A233: =IF($B233<>"",IF($B233<>$B232,1,$A232+1),"") -> 4 | B233: Ρύζι τόνος | C233: Πιπεριές | D233: =IF(C233<>"",INDEX(Υλικά!$D$3:$D$130,MATCH(C233,Υλικά!$B$3:$B$130,0),1),"") -> gr | E233: 40 | F233: =IF(C233<>"",$E233*INDEX(Υλικά!$G$3:$G$130,MATCH($C233,Υλικά!$B$3:$B$130,0),1)/INDEX(Υλικά!$E$3:$E$130,MATCH($C233,Υλικά!$B$3:$B$130,0),1),0) -> 0.36 | G233: =IF(C233<>"",$E233*INDEX(Υλικά!$H$3:$H$130,MATCH($C233,Υλικά!$B$3:$B$130,0),1)/INDEX(Υλικά!$E$3:$E$130,MATCH($C233,Υλικά!$B$3:$B$130,0),1),0) -> 1.84 | H233: =IF(C233<>"",$E233*INDEX(Υλικά!$I$3:$I$130,MATCH($C233,Υλικά!$B$3:$B$130,0),1)/INDEX(Υλικά!$E$3:$E$130,MATCH($C233,Υλικά!$B$3:$B$130,0),1),0) -> 0.08 | I233: =$F233*Ref!$B$2 -> 1.44 | J233: =$G233*Ref!$B$3 -> 7.36 | K233: =$H233*Ref!$B$4 -> 0.72 | L233: =SUM(I233:K233) -> 9.52
A234: =IF($B234<>"",IF($B234<>$B233,1,$A233+1),"") -> 5 | B234: Ρύζι τόνος | C234: Κρεμμύδι | D234: =IF(C234<>"",INDEX(Υλικά!$D$3:$D$130,MATCH(C234,Υλικά!$B$3:$B$130,0),1),"") -> gr | E234: 40 | F234: =IF(C234<>"",$E234*INDEX(Υλικά!$G$3:$G$130,MATCH($C234,Υλικά!$B$3:$B$130,0),1)/INDEX(Υλικά!$E$3:$E$130,MATCH($C234,Υλικά!$B$3:$B$130,0),1),0) -> 0.44 | G234: =IF(C234<>"",$E234*INDEX(Υλικά!$H$3:$H$130,MATCH($C234,Υλικά!$B$3:$B$130,0),1)/INDEX(Υλικά!$E$3:$E$130,MATCH($C234,Υλικά!$B$3:$B$130,0),1),0) -> 3.72 | H234: =IF(C234<>"",$E234*INDEX(Υλικά!$I$3:$I$130,MATCH($C234,Υλικά!$B$3:$B$130,0),1)/INDEX(Υλικά!$E$3:$E$130,MATCH($C234,Υλικά!$B$3:$B$130,0),1),0) -> 0.04 | I234: =$F234*Ref!$B$2 -> 1.76 | J234: =$G234*Ref!$B$3 -> 14.88 | K234: =$H234*Ref!$B$4 -> 0.36 | L234: =SUM(I234:K234) -> 17
A235: =IF($B235<>"",IF($B235<>$B234,1,$A234+1),"") -> 1 | B235: Μπιφτέκια στον Αχνό | C235: Μοσχάρι άπαχο | D235: =IF(C235<>"",INDEX(Υλικά!$D$3:$D$130,MATCH(C235,Υλικά!$B$3:$B$130,0),1),"") -> gr | E235: 600 | F235: =IF(C235<>"",$E235*INDEX(Υλικά!$G$3:$G$130,MATCH($C235,Υλικά!$B$3:$B$130,0),1)/INDEX(Υλικά!$E$3:$E$130,MATCH($C235,Υλικά!$B$3:$B$130,0),1),0) -> 144 | G235: =IF(C235<>"",$E235*INDEX(Υλικά!$H$3:$H$130,MATCH($C235,Υλικά!$B$3:$B$130,0),1)/INDEX(Υλικά!$E$3:$E$130,MATCH($C235,Υλικά!$B$3:$B$130,0),1),0) -> 0 | H235: =IF(C235<>"",$E235*INDEX(Υλικά!$I$3:$I$130,MATCH($C235,Υλικά!$B$3:$B$130,0),1)/INDEX(Υλικά!$E$3:$E$130,MATCH($C235,Υλικά!$B$3:$B$130,0),1),0) -> 48 | I235: =$F235*Ref!$B$2 -> 576 | J235: =$G235*Ref!$B$3 -> 0 | K235: =$H235*Ref!$B$4 -> 432 | L235: =SUM(I235:K235) -> 1008
A236: =IF($B236<>"",IF($B236<>$B235,1,$A235+1),"") -> 2 | B236: Μπιφτέκια στον Αχνό | C236: Ψωμί Χωριανό με Σίκαλη | D236: =IF(C236<>"",INDEX(Υλικά!$D$3:$D$130,MATCH(C236,Υλικά!$B$3:$B$130,0),1),"") -> slc | E236: 3 | F236: =IF(C236<>"",$E236*INDEX(Υλικά!$G$3:$G$130,MATCH($C236,Υλικά!$B$3:$B$130,0),1)/INDEX(Υλικά!$E$3:$E$130,MATCH($C236,Υλικά!$B$3:$B$130,0),1),0) -> 9 | G236: =IF(C236<>"",$E236*INDEX(Υλικά!$H$3:$H$130,MATCH($C236,Υλικά!$B$3:$B$130,0),1)/INDEX(Υλικά!$E$3:$E$130,MATCH($C236,Υλικά!$B$3:$B$130,0),1),0) -> 35.1 | H236: =IF(C236<>"",$E236*INDEX(Υλικά!$I$3:$I$130,MATCH($C236,Υλικά!$B$3:$B$130,0),1)/INDEX(Υλικά!$E$3:$E$130,MATCH($C236,Υλικά!$B$3:$B$130,0),1),0) -> 3.3 | I236: =$F236*Ref!$B$2 -> 36 | J236: =$G236*Ref!$B$3 -> 140.4 | K236: =$H236*Ref!$B$4 -> 29.7 | L236: =SUM(I236:K236) -> 206.1
A237: =IF($B237<>"",IF($B237<>$B236,1,$A236+1),"") -> 3 | B237: Μπιφτέκια στον Αχνό | C237: Ελαιόλαδο | D237: =IF(C237<>"",INDEX(Υλικά!$D$3:$D$130,MATCH(C237,Υλικά!$B$3:$B$130,0),1),"") -> gr | E237: 20 | F237: =IF(C237<>"",$E237*INDEX(Υλικά!$G$3:$G$130,MATCH($C237,Υλικά!$B$3:$B$130,0),1)/INDEX(Υλικά!$E$3:$E$130,MATCH($C237,Υλικά!$B$3:$B$130,0),1),0) -> 0 | G237: =IF(C237<>"",$E237*INDEX(Υλικά!$H$3:$H$130,MATCH($C237,Υλικά!$B$3:$B$130,0),1)/INDEX(Υλικά!$E$3:$E$130,MATCH($C237,Υλικά!$B$3:$B$130,0),1),0) -> 0 | H237: =IF(C237<>"",$E237*INDEX(Υλικά!$I$3:$I$130,MATCH($C237,Υλικά!$B$3:$B$130,0),1)/INDEX(Υλικά!$E$3:$E$130,MATCH($C237,Υλικά!$B$3:$B$130,0),1),0) -> 18.66 | I237: =$F237*Ref!$B$2 -> 0 | J237: =$G237*Ref!$B$3 -> 0 | K237: =$H237*Ref!$B$4 -> 167.94 | L237: =SUM(I237:K237) -> 167.94
A238: =IF($B238<>"",IF($B238<>$B237,1,$A237+1),"") -> 1 | B238: Μουτζέντρα | C238: Φακή | D238: =IF(C238<>"",INDEX(Υλικά!$D$3:$D$130,MATCH(C238,Υλικά!$B$3:$B$130,0),1),"") -> gr | E238: 300 | F238: =IF(C238<>"",$E238*INDEX(Υλικά!$G$3:$G$130,MATCH($C238,Υλικά!$B$3:$B$130,0),1)/INDEX(Υλικά!$E$3:$E$130,MATCH($C238,Υλικά!$B$3:$B$130,0),1),0) -> 78 | G238: =IF(C238<>"",$E238*INDEX(Υλικά!$H$3:$H$130,MATCH($C238,Υλικά!$B$3:$B$130,0),1)/INDEX(Υλικά!$E$3:$E$130,MATCH($C238,Υλικά!$B$3:$B$130,0),1),0) -> 180 | H238: =IF(C238<>"",$E238*INDEX(Υλικά!$I$3:$I$130,MATCH($C238,Υλικά!$B$3:$B$130,0),1)/INDEX(Υλικά!$E$3:$E$130,MATCH($C238,Υλικά!$B$3:$B$130,0),1),0) -> 3.3 | I238: =$F238*Ref!$B$2 -> 312 | J238: =$G238*Ref!$B$3 -> 720 | K238: =$H238*Ref!$B$4 -> 29.7 | L238: =SUM(I238:K238) -> 1061.7
A239: =IF($B239<>"",IF($B239<>$B238,1,$A238+1),"") -> 2 | B239: Μουτζέντρα | C239: Ρύζι parboiled | D239: =IF(C239<>"",INDEX(Υλικά!$D$3:$D$130,MATCH(C239,Υλικά!$B$3:$B$130,0),1),"") -> gr | E239: 300 | F239: =IF(C239<>"",$E239*INDEX(Υλικά!$G$3:$G$130,MATCH($C239,Υλικά!$B$3:$B$130,0),1)/INDEX(Υλικά!$E$3:$E$130,MATCH($C239,Υλικά!$B$3:$B$130,0),1),0) -> 21.3 | G239: =IF(C239<>"",$E239*INDEX(Υλικά!$H$3:$H$130,MATCH($C239,Υλικά!$B$3:$B$130,0),1)/INDEX(Υλικά!$E$3:$E$130,MATCH($C239,Υλικά!$B$3:$B$130,0),1),0) -> 240 | H239: =IF(C239<>"",$E239*INDEX(Υλικά!$I$3:$I$130,MATCH($C239,Υλικά!$B$3:$B$130,0),1)/INDEX(Υλικά!$E$3:$E$130,MATCH($C239,Υλικά!$B$3:$B$130,0),1),0) -> 2.1 | I239: =$F239*Ref!$B$2 -> 85.2 | J239: =$G239*Ref!$B$3 -> 960 | K239: =$H239*Ref!$B$4 -> 18.9 | L239: =SUM(I239:K239) -> 1064.1
A240: =IF($B240<>"",IF($B240<>$B239,1,$A239+1),"") -> 3 | B240: Μουτζέντρα | C240: Ελαιόλαδο | D240: =IF(C240<>"",INDEX(Υλικά!$D$3:$D$130,MATCH(C240,Υλικά!$B$3:$B$130,0),1),"") -> gr | E240: 60 | F240: =IF(C240<>"",$E240*INDEX(Υλικά!$G$3:$G$130,MATCH($C240,Υλικά!$B$3:$B$130,0),1)/INDEX(Υλικά!$E$3:$E$130,MATCH($C240,Υλικά!$B$3:$B$130,0),1),0) -> 0 | G240: =IF(C240<>"",$E240*INDEX(Υλικά!$H$3:$H$130,MATCH($C240,Υλικά!$B$3:$B$130,0),1)/INDEX(Υλικά!$E$3:$E$130,MATCH($C240,Υλικά!$B$3:$B$130,0),1),0) -> 0 | H240: =IF(C240<>"",$E240*INDEX(Υλικά!$I$3:$I$130,MATCH($C240,Υλικά!$B$3:$B$130,0),1)/INDEX(Υλικά!$E$3:$E$130,MATCH($C240,Υλικά!$B$3:$B$130,0),1),0) -> 55.98 | I240: =$F240*Ref!$B$2 -> 0 | J240: =$G240*Ref!$B$3 -> 0 | K240: =$H240*Ref!$B$4 -> 503.82 | L240: =SUM(I240:K240) -> 503.82
A241: =IF($B241<>"",IF($B241<>$B240,1,$A240+1),"") -> 4 | B241: Μουτζέντρα | C241: Καρότα | D241: =IF(C241<>"",INDEX(Υλικά!$D$3:$D$130,MATCH(C241,Υλικά!$B$3:$B$130,0),1),"") -> gr | E241: 200 | F241: =IF(C241<>"",$E241*INDEX(Υλικά!$G$3:$G$130,MATCH($C241,Υλικά!$B$3:$B$130,0),1)/INDEX(Υλικά!$E$3:$E$130,MATCH($C241,Υλικά!$B$3:$B$130,0),1),0) -> 2.2 | G241: =IF(C241<>"",$E241*INDEX(Υλικά!$H$3:$H$130,MATCH($C241,Υλικά!$B$3:$B$130,0),1)/INDEX(Υλικά!$E$3:$E$130,MATCH($C241,Υλικά!$B$3:$B$130,0),1),0) -> 19.4 | H241: =IF(C241<>"",$E241*INDEX(Υλικά!$I$3:$I$130,MATCH($C241,Υλικά!$B$3:$B$130,0),1)/INDEX(Υλικά!$E$3:$E$130,MATCH($C241,Υλικά!$B$3:$B$130,0),1),0) -> 0.4 | I241: =$F241*Ref!$B$2 -> 8.8 | J241: =$G241*Ref!$B$3 -> 77.6 | K241: =$H241*Ref!$B$4 -> 3.6 | L241: =SUM(I241:K241) -> 90
A242: =IF($B242<>"",IF($B242<>$B241,1,$A241+1),"") -> 5 | B242: Μουτζέντρα | C242: Κρεμμύδι | D242: =IF(C242<>"",INDEX(Υλικά!$D$3:$D$130,MATCH(C242,Υλικά!$B$3:$B$130,0),1),"") -> gr | E242: 300 | F242: =IF(C242<>"",$E242*INDEX(Υλικά!$G$3:$G$130,MATCH($C242,Υλικά!$B$3:$B$130,0),1)/INDEX(Υλικά!$E$3:$E$130,MATCH($C242,Υλικά!$B$3:$B$130,0),1),0) -> 3.3 | G242: =IF(C242<>"",$E242*INDEX(Υλικά!$H$3:$H$130,MATCH($C242,Υλικά!$B$3:$B$130,0),1)/INDEX(Υλικά!$E$3:$E$130,MATCH($C242,Υλικά!$B$3:$B$130,0),1),0) -> 27.9 | H242: =IF(C242<>"",$E242*INDEX(Υλικά!$I$3:$I$130,MATCH($C242,Υλικά!$B$3:$B$130,0),1)/INDEX(Υλικά!$E$3:$E$130,MATCH($C242,Υλικά!$B$3:$B$130,0),1),0) -> 0.3 | I242: =$F242*Ref!$B$2 -> 13.2 | J242: =$G242*Ref!$B$3 -> 111.6 | K242: =$H242*Ref!$B$4 -> 2.7 | L242: =SUM(I242:K242) -> 127.5
... A301: =IF($B301<>"",IF($B301<>$B300,1,$A300+1),"") -> 5 | B301: Λαχανοτονόρυζο | C301: Ελαιόλαδο | D301: =IF(C301<>"",INDEX(Υλικά!$D$3:$D$130,MATCH(C301,Υλικά!$B$3:$B$130,0),1),"") -> gr | E301: 40 | F301: =IF(C301<>"",$E301*INDEX(Υλικά!$G$3:$G$130,MATCH($C301,Υλικά!$B$3:$B$130,0),1)/INDEX(Υλικά!$E$3:$E$130,MATCH($C301,Υλικά!$B$3:$B$130,0),1),0) -> 0 | G301: =IF(C301<>"",$E301*INDEX(Υλικά!$H$3:$H$130,MATCH($C301,Υλικά!$B$3:$B$130,0),1)/INDEX(Υλικά!$E$3:$E$130,MATCH($C301,Υλικά!$B$3:$B$130,0),1),0) -> 0 | H301: =IF(C301<>"",$E301*INDEX(Υλικά!$I$3:$I$130,MATCH($C301,Υλικά!$B$3:$B$130,0),1)/INDEX(Υλικά!$E$3:$E$130,MATCH($C301,Υλικά!$B$3:$B$130,0),1),0) -> 37.32 | I301: =$F301*Ref!$B$2 -> 0 | J301: =$G301*Ref!$B$3 -> 0 | K301: =$H301*Ref!$B$4 -> 335.88 | L301: =SUM(I301:K301) -> 335.88
A302: =IF($B302<>"",IF($B302<>$B301,1,$A301+1),"") -> 1 | B302: Πρωινό Γάλα-Ψωμί-Γαλοπούλα | C302: Γάλα Όλυμπος 1.5% | D302: gr | E302: 250 | F302: =IF(C302<>"",$E302*INDEX(Υλικά!$G$3:$G$140,MATCH($C302,Υλικά!$B$3:$B$140,0),1)/INDEX(Υλικά!$E$3:$E$140,MATCH($C302,Υλικά!$B$3:$B$140,0),1),0) -> 8.25 | G302: =IF(C302<>"",$E302*INDEX(Υλικά!$H$3:$H$140,MATCH($C302,Υλικά!$B$3:$B$140,0),1)/INDEX(Υλικά!$E$3:$E$140,MATCH($C302,Υλικά!$B$3:$B$140,0),1),0) -> 11.75 | H302: =IF(C302<>"",$E302*INDEX(Υλικά!$I$3:$I$140,MATCH($C302,Υλικά!$B$3:$B$140,0),1)/INDEX(Υλικά!$E$3:$E$140,MATCH($C302,Υλικά!$B$3:$B$140,0),1),0) -> 3.75 | I302: =$F302*Ref!$B$2 -> 33 | J302: =$G302*Ref!$B$3 -> 47 | K302: =$H302*Ref!$B$4 -> 33.75 | L302: =SUM(I302:K302) -> 113.75
A303: =IF($B303<>"",IF($B303<>$B302,1,$A302+1),"") -> 2 | B303: Πρωινό Γάλα-Ψωμί-Γαλοπούλα | C303: Ψωμί Αλέκου Ολικής | D303: gr | E303: 100 | F303: =IF(C303<>"",$E303*INDEX(Υλικά!$G$3:$G$140,MATCH($C303,Υλικά!$B$3:$B$140,0),1)/INDEX(Υλικά!$E$3:$E$140,MATCH($C303,Υλικά!$B$3:$B$140,0),1),0) -> 7.3 | G303: =IF(C303<>"",$E303*INDEX(Υλικά!$H$3:$H$140,MATCH($C303,Υλικά!$B$3:$B$140,0),1)/INDEX(Υλικά!$E$3:$E$140,MATCH($C303,Υλικά!$B$3:$B$140,0),1),0) -> 46.5 | H303: =IF(C303<>"",$E303*INDEX(Υλικά!$I$3:$I$140,MATCH($C303,Υλικά!$B$3:$B$140,0),1)/INDEX(Υλικά!$E$3:$E$140,MATCH($C303,Υλικά!$B$3:$B$140,0),1),0) -> 0.9 | I303: =$F303*Ref!$B$2 -> 29.2 | J303: =$G303*Ref!$B$3 -> 186 | K303: =$H303*Ref!$B$4 -> 8.1 | L303: =SUM(I303:K303) -> 223.3
A304: =IF($B304<>"",IF($B304<>$B303,1,$A303+1),"") -> 3 | B304: Πρωινό Γάλα-Ψωμί-Γαλοπούλα | C304: Γαλοπούλα Πασσιάς Κορυφαίο | D304: gr | E304: 70 | F304: =IF(C304<>"",$E304*INDEX(Υλικά!$G$3:$G$140,MATCH($C304,Υλικά!$B$3:$B$140,0),1)/INDEX(Υλικά!$E$3:$E$140,MATCH($C304,Υλικά!$B$3:$B$140,0),1),0) -> 14.7 | G304: =IF(C304<>"",$E304*INDEX(Υλικά!$H$3:$H$140,MATCH($C304,Υλικά!$B$3:$B$140,0),1)/INDEX(Υλικά!$E$3:$E$140,MATCH($C304,Υλικά!$B$3:$B$140,0),1),0) -> 0.7 | H304: =IF(C304<>"",$E304*INDEX(Υλικά!$I$3:$I$140,MATCH($C304,Υλικά!$B$3:$B$140,0),1)/INDEX(Υλικά!$E$3:$E$140,MATCH($C304,Υλικά!$B$3:$B$140,0),1),0) -> 1.4 | I304: =$F304*Ref!$B$2 -> 58.8 | J304: =$G304*Ref!$B$3 -> 2.8 | K304: =$H304*Ref!$B$4 -> 12.6 | L304: =SUM(I304:K304) -> 74.2
A305: =IF($B305<>"",IF($B305<>$B304,1,$A304+1),"") -> 1 | B305: Αρακάς Τατιάνας | C305: Αρακάς Κατεψυγμένος | D305: gr | E305: 450 | F305: =IF(C305<>"",$E305*INDEX(Υλικά!$G$3:$G$140,MATCH($C305,Υλικά!$B$3:$B$140,0),1)/INDEX(Υλικά!$E$3:$E$140,MATCH($C305,Υλικά!$B$3:$B$140,0),1),0) -> 23.4 | G305: =IF(C305<>"",$E305*INDEX(Υλικά!$H$3:$H$140,MATCH($C305,Υλικά!$B$3:$B$140,0),1)/INDEX(Υλικά!$E$3:$E$140,MATCH($C305,Υλικά!$B$3:$B$140,0),1),0) -> 63 | H305: =IF(C305<>"",$E305*INDEX(Υλικά!$I$3:$I$140,MATCH($C305,Υλικά!$B$3:$B$140,0),1)/INDEX(Υλικά!$E$3:$E$140,MATCH($C305,Υλικά!$B$3:$B$140,0),1),0) -> 1.8 | I305: =$F305*Ref!$B$2 -> 93.6 | J305: =$G305*Ref!$B$3 -> 252 | K305: =$H305*Ref!$B$4 -> 16.2 | L305: =SUM(I305:K305) -> 361.8
A306: =IF($B306<>"",IF($B306<>$B305,1,$A305+1),"") -> 2 | B306: Αρακάς Τατιάνας | C306: Πατάτα | D306: gr | E306: 370 | F306: =IF(C306<>"",$E306*INDEX(Υλικά!$G$3:$G$140,MATCH($C306,Υλικά!$B$3:$B$140,0),1)/INDEX(Υλικά!$E$3:$E$140,MATCH($C306,Υλικά!$B$3:$B$140,0),1),0) -> 7.4 | G306: =IF(C306<>"",$E306*INDEX(Υλικά!$H$3:$H$140,MATCH($C306,Υλικά!$B$3:$B$140,0),1)/INDEX(Υλικά!$E$3:$E$140,MATCH($C306,Υλικά!$B$3:$B$140,0),1),0) -> 62.9 | H306: =IF(C306<>"",$E306*INDEX(Υλικά!$I$3:$I$140,MATCH($C306,Υλικά!$B$3:$B$140,0),1)/INDEX(Υλικά!$E$3:$E$140,MATCH($C306,Υλικά!$B$3:$B$140,0),1),0) -> 0 | I306: =$F306*Ref!$B$2 -> 29.6 | J306: =$G306*Ref!$B$3 -> 251.6 | K306: =$H306*Ref!$B$4 -> 0 | L306: =SUM(I306:K306) -> 281.2
A307: =IF($B307<>"",IF($B307<>$B306,1,$A306+1),"") -> 3 | B307: Αρακάς Τατιάνας | C307: Κρεμμύδι | D307: gr | E307: 45 | F307: =IF(C307<>"",$E307*INDEX(Υλικά!$G$3:$G$140,MATCH($C307,Υλικά!$B$3:$B$140,0),1)/INDEX(Υλικά!$E$3:$E$140,MATCH($C307,Υλικά!$B$3:$B$140,0),1),0) -> 0.495 | G307: =IF(C307<>"",$E307*INDEX(Υλικά!$H$3:$H$140,MATCH($C307,Υλικά!$B$3:$B$140,0),1)/INDEX(Υλικά!$E$3:$E$140,MATCH($C307,Υλικά!$B$3:$B$140,0),1),0) -> 4.185 | H307: =IF(C307<>"",$E307*INDEX(Υλικά!$I$3:$I$140,MATCH($C307,Υλικά!$B$3:$B$140,0),1)/INDEX(Υλικά!$E$3:$E$140,MATCH($C307,Υλικά!$B$3:$B$140,0),1),0) -> 0.045 | I307: =$F307*Ref!$B$2 -> 1.98 | J307: =$G307*Ref!$B$3 -> 16.74 | K307: =$H307*Ref!$B$4 -> 0.405 | L307: =SUM(I307:K307) -> 19.125
A308: =IF($B308<>"",IF($B308<>$B307,1,$A307+1),"") -> 4 | B308: Αρακάς Τατιάνας | C308: Καρότα | D308: gr | E308: 60 | F308: =IF(C308<>"",$E308*INDEX(Υλικά!$G$3:$G$140,MATCH($C308,Υλικά!$B$3:$B$140,0),1)/INDEX(Υλικά!$E$3:$E$140,MATCH($C308,Υλικά!$B$3:$B$140,0),1),0) -> 0.66 | G308: =IF(C308<>"",$E308*INDEX(Υλικά!$H$3:$H$140,MATCH($C308,Υλικά!$B$3:$B$140,0),1)/INDEX(Υλικά!$E$3:$E$140,MATCH($C308,Υλικά!$B$3:$B$140,0),1),0) -> 5.82 | H308: =IF(C308<>"",$E308*INDEX(Υλικά!$I$3:$I$140,MATCH($C308,Υλικά!$B$3:$B$140,0),1)/INDEX(Υλικά!$E$3:$E$140,MATCH($C308,Υλικά!$B$3:$B$140,0),1),0) -> 0.12 | I308: =$F308*Ref!$B$2 -> 2.64 | J308: =$G308*Ref!$B$3 -> 23.28 | K308: =$H308*Ref!$B$4 -> 1.08 | L308: =SUM(I308:K308) -> 27
A309: =IF($B309<>"",IF($B309<>$B308,1,$A308+1),"") -> 5 | B309: Αρακάς Τατιάνας | C309: Ντομάτα Τρίφτη Μπαρμπα-Στάθης | D309: gr | E309: 250 | F309: =IF(C309<>"",$E309*INDEX(Υλικά!$G$3:$G$140,MATCH($C309,Υλικά!$B$3:$B$140,0),1)/INDEX(Υλικά!$E$3:$E$140,MATCH($C309,Υλικά!$B$3:$B$140,0),1),0) -> 3 | G309: =IF(C309<>"",$E309*INDEX(Υλικά!$H$3:$H$140,MATCH($C309,Υλικά!$B$3:$B$140,0),1)/INDEX(Υλικά!$E$3:$E$140,MATCH($C309,Υλικά!$B$3:$B$140,0),1),0) -> 12.25 | H309: =IF(C309<>"",$E309*INDEX(Υλικά!$I$3:$I$140,MATCH($C309,Υλικά!$B$3:$B$140,0),1)/INDEX(Υλικά!$E$3:$E$140,MATCH($C309,Υλικά!$B$3:$B$140,0),1),0) -> 0.75 | I309: =$F309*Ref!$B$2 -> 12 | J309: =$G309*Ref!$B$3 -> 49 | K309: =$H309*Ref!$B$4 -> 6.75 | L309: =SUM(I309:K309) -> 67.75
A310: =IF($B310<>"",IF($B310<>$B309,1,$A309+1),"") -> 6 | B310: Αρακάς Τατιάνας | C310: Ελαιόλαδο | D310: gr | E310: 65 | F310: =IF(C310<>"",$E310*INDEX(Υλικά!$G$3:$G$140,MATCH($C310,Υλικά!$B$3:$B$140,0),1)/INDEX(Υλικά!$E$3:$E$140,MATCH($C310,Υλικά!$B$3:$B$140,0),1),0) -> 0 | G310: =IF(C310<>"",$E310*INDEX(Υλικά!$H$3:$H$140,MATCH($C310,Υλικά!$B$3:$B$140,0),1)/INDEX(Υλικά!$E$3:$E$140,MATCH($C310,Υλικά!$B$3:$B$140,0),1),0) -> 0 | H310: =IF(C310<>"",$E310*INDEX(Υλικά!$I$3:$I$140,MATCH($C310,Υλικά!$B$3:$B$140,0),1)/INDEX(Υλικά!$E$3:$E$140,MATCH($C310,Υλικά!$B$3:$B$140,0),1),0) -> 60.645 | I310: =$F310*Ref!$B$2 -> 0 | J310: =$G310*Ref!$B$3 -> 0 | K310: =$H310*Ref!$B$4 -> 545.805 | L310: =SUM(I310:K310) -> 545.805
A311: =IF($B311<>"",IF($B311<>$B310,1,$A310+1),"") -> 1 | B311: Μαραθόπιτες | C311: Ελαιόλαδο | D311: gr | E311: 100 | F311: =IF(C311<>"",$E311*INDEX(Υλικά!$G$3:$G$140,MATCH($C311,Υλικά!$B$3:$B$140,0),1)/INDEX(Υλικά!$E$3:$E$140,MATCH($C311,Υλικά!$B$3:$B$140,0),1),0) -> 0 | G311: =IF(C311<>"",$E311*INDEX(Υλικά!$H$3:$H$140,MATCH($C311,Υλικά!$B$3:$B$140,0),1)/INDEX(Υλικά!$E$3:$E$140,MATCH($C311,Υλικά!$B$3:$B$140,0),1),0) -> 0 | H311: =IF(C311<>"",$E311*INDEX(Υλικά!$I$3:$I$140,MATCH($C311,Υλικά!$B$3:$B$140,0),1)/INDEX(Υλικά!$E$3:$E$140,MATCH($C311,Υλικά!$B$3:$B$140,0),1),0) -> 93.3 | I311: =$F311*Ref!$B$2 -> 0 | J311: =$G311*Ref!$B$3 -> 0 | K311: =$H311*Ref!$B$4 -> 839.7 | L311: =SUM(I311:K311) -> 839.7
A312: =IF($B312<>"",IF($B312<>$B311,1,$A311+1),"") -> 2 | B312: Μαραθόπιτες | C312: Αλεύρι ΓΟΧ Μύλοι Αγ. Γεωργίου | D312: gr | E312: 520 | F312: =IF(C312<>"",$E312*INDEX(Υλικά!$G$3:$G$140,MATCH($C312,Υλικά!$B$3:$B$140,0),1)/INDEX(Υλικά!$E$3:$E$140,MATCH($C312,Υλικά!$B$3:$B$140,0),1),0) -> 57.2 | G312: =IF(C312<>"",$E312*INDEX(Υλικά!$H$3:$H$140,MATCH($C312,Υλικά!$B$3:$B$140,0),1)/INDEX(Υλικά!$E$3:$E$140,MATCH($C312,Υλικά!$B$3:$B$140,0),1),0) -> 377.52 | H312: =IF(C312<>"",$E312*INDEX(Υλικά!$I$3:$I$140,MATCH($C312,Υλικά!$B$3:$B$140,0),1)/INDEX(Υλικά!$E$3:$E$140,MATCH($C312,Υλικά!$B$3:$B$140,0),1),0) -> 5.72 | I312: =$F312*Ref!$B$2 -> 228.8 | J312: =$G312*Ref!$B$3 -> 1510.08 | K312: =$H312*Ref!$B$4 -> 51.48 | L312: =SUM(I312:K312) -> 1790.36
A313: =IF($B313<>"",IF($B313<>$B312,1,$A312+1),"") -> 3 | B313: Μαραθόπιτες | C313: Κρεμμύδι | D313: gr | E313: 200 | F313: =IF(C313<>"",$E313*INDEX(Υλικά!$G$3:$G$140,MATCH($C313,Υλικά!$B$3:$B$140,0),1)/INDEX(Υλικά!$E$3:$E$140,MATCH($C313,Υλικά!$B$3:$B$140,0),1),0) -> 2.2 | G313: =IF(C313<>"",$E313*INDEX(Υλικά!$H$3:$H$140,MATCH($C313,Υλικά!$B$3:$B$140,0),1)/INDEX(Υλικά!$E$3:$E$140,MATCH($C313,Υλικά!$B$3:$B$140,0),1),0) -> 18.6 | H313: =IF(C313<>"",$E313*INDEX(Υλικά!$I$3:$I$140,MATCH($C313,Υλικά!$B$3:$B$140,0),1)/INDEX(Υλικά!$E$3:$E$140,MATCH($C313,Υλικά!$B$3:$B$140,0),1),0) -> 0.2 | I313: =$F313*Ref!$B$2 -> 8.8 | J313: =$G313*Ref!$B$3 -> 74.4 | K313: =$H313*Ref!$B$4 -> 1.8 | L313: =SUM(I313:K313) -> 85
... A336: =IF($B336<>"",IF($B336<>$B335,1,$A335+1),"") -> 5 | B336: Πάστα Τόνος Τατιάνας | C336: Πάστα Ολικής Μέλισσα | D336: gr | E336: 500 | F336: =IF(C336<>"",$E336*INDEX(Υλικά!$G$3:$G$140,MATCH($C336,Υλικά!$B$3:$B$140,0),1)/INDEX(Υλικά!$E$3:$E$140,MATCH($C336,Υλικά!$B$3:$B$140,0),1),0) -> 64 | G336: =IF(C336<>"",$E336*INDEX(Υλικά!$H$3:$H$140,MATCH($C336,Υλικά!$B$3:$B$140,0),1)/INDEX(Υλικά!$E$3:$E$140,MATCH($C336,Υλικά!$B$3:$B$140,0),1),0) -> 338.5 | H336: =IF(C336<>"",$E336*INDEX(Υλικά!$I$3:$I$140,MATCH($C336,Υλικά!$B$3:$B$140,0),1)/INDEX(Υλικά!$E$3:$E$140,MATCH($C336,Υλικά!$B$3:$B$140,0),1),0) -> 10.5 | I336: =$F336*Ref!$B$2 -> 256 | J336: =$G336*Ref!$B$3 -> 1354 | K336: =$H336*Ref!$B$4 -> 94.5 | L336: =SUM(I336:K336) -> 1704.5
A337: =IF($B337<>"",IF($B337<>$B336,1,$A336+1),"") -> 1 | B337: Γαύρος Αλέκου | C337: Γαύρος Τράτα | D337: gr | E337: 400 | F337: =IF(C337<>"",$E337*INDEX(Υλικά!$G$3:$G$148,MATCH($C337,Υλικά!$B$3:$B$148,0),1)/INDEX(Υλικά!$E$3:$E$148,MATCH($C337,Υλικά!$B$3:$B$148,0),1),0) -> 76 | G337: =IF(C337<>"",$E337*INDEX(Υλικά!$H$3:$H$148,MATCH($C337,Υλικά!$B$3:$B$148,0),1)/INDEX(Υλικά!$E$3:$E$148,MATCH($C337,Υλικά!$B$3:$B$148,0),1),0) -> 0 | H337: =IF(C337<>"",$E337*INDEX(Υλικά!$I$3:$I$148,MATCH($C337,Υλικά!$B$3:$B$148,0),1)/INDEX(Υλικά!$E$3:$E$148,MATCH($C337,Υλικά!$B$3:$B$148,0),1),0) -> 10 | I337: =$F337*Ref!$B$2 -> 304 | J337: =$G337*Ref!$B$3 -> 0 | K337: =$H337*Ref!$B$4 -> 90 | L337: =SUM(I337:K337) -> 394
A338: =IF($B338<>"",IF($B338<>$B337,1,$A337+1),"") -> 2 | B338: Γαύρος Αλέκου | C338: Ελαιόλαδο | D338: gr | E338: 30 | F338: =IF(C338<>"",$E338*INDEX(Υλικά!$G$3:$G$148,MATCH($C338,Υλικά!$B$3:$B$148,0),1)/INDEX(Υλικά!$E$3:$E$148,MATCH($C338,Υλικά!$B$3:$B$148,0),1),0) -> 0 | G338: =IF(C338<>"",$E338*INDEX(Υλικά!$H$3:$H$148,MATCH($C338,Υλικά!$B$3:$B$148,0),1)/INDEX(Υλικά!$E$3:$E$148,MATCH($C338,Υλικά!$B$3:$B$148,0),1),0) -> 0 | H338: =IF(C338<>"",$E338*INDEX(Υλικά!$I$3:$I$148,MATCH($C338,Υλικά!$B$3:$B$148,0),1)/INDEX(Υλικά!$E$3:$E$148,MATCH($C338,Υλικά!$B$3:$B$148,0),1),0) -> 27.99 | I338: =$F338*Ref!$B$2 -> 0 | J338: =$G338*Ref!$B$3 -> 0 | K338: =$H338*Ref!$B$4 -> 251.91 | L338: =SUM(I338:K338) -> 251.91
A339: =IF($B339<>"",IF($B339<>$B338,1,$A338+1),"") -> 3 | B339: Γαύρος Αλέκου | C339: Κρεμμύδι | D339: gr | E339: 100 | F339: =IF(C339<>"",$E339*INDEX(Υλικά!$G$3:$G$148,MATCH($C339,Υλικά!$B$3:$B$148,0),1)/INDEX(Υλικά!$E$3:$E$148,MATCH($C339,Υλικά!$B$3:$B$148,0),1),0) -> 1.1 | G339: =IF(C339<>"",$E339*INDEX(Υλικά!$H$3:$H$148,MATCH($C339,Υλικά!$B$3:$B$148,0),1)/INDEX(Υλικά!$E$3:$E$148,MATCH($C339,Υλικά!$B$3:$B$148,0),1),0) -> 9.3 | H339: =IF(C339<>"",$E339*INDEX(Υλικά!$I$3:$I$148,MATCH($C339,Υλικά!$B$3:$B$148,0),1)/INDEX(Υλικά!$E$3:$E$148,MATCH($C339,Υλικά!$B$3:$B$148,0),1),0) -> 0.1 | I339: =$F339*Ref!$B$2 -> 4.4 | J339: =$G339*Ref!$B$3 -> 37.2 | K339: =$H339*Ref!$B$4 -> 0.9 | L339: =SUM(I339:K339) -> 42.5
...

Sheet ΣυνδΑθρ
A1: Συνδυασμός | B1: Prot gr | C1: Carb gr | D1: Fat gr | E1: Prot Kcal | F1: Carb Kcal | G1: Fat Kcal | H1: Sum Kcal | I1: Μονάδα | J1: Βάρος gr | K1: Μερίδες
A2: {=IFERROR(INDEX(Συνδυασμοί!$B$2:$B$998, MATCH(0,COUNTIF($A$1:$A1, Συνδυασμοί!$B$2:$B$998),0)),"")} -> Μελιτζανοπίλαφο | B2: =SUMIF(Συνδυασμοί!$B$2:$B$998,$A2,Συνδυασμοί!$F$2:$F$998) -> 33.3 | C2: =SUMIF(Συνδυασμοί!$B$2:$B$998,$A2,Συνδυασμοί!$G$2:$G$998) -> 255.45 | D2: =SUMIF(Συνδυασμοί!$B$2:$B$998,$A2,Συνδυασμοί!$H$2:$H$998) -> 51.09 | E2: =Ref!$B$2*$B2 -> 133.2 | F2: =Ref!$B$3*$C2 -> 1021.8 | G2: =Ref!$B$4*$D2 -> 459.81 | H2: =SUM($E2:$G2) -> 1614.81 | I2: gr | J2: 1600 | K2: 4
A3: {=IFERROR(INDEX(Συνδυασμοί!$B$2:$B$998, MATCH(0,COUNTIF($A$1:$A2, Συνδυασμοί!$B$2:$B$998),0)),"")} -> Χωριάτικη Σαλάτα | B3: =SUMIF(Συνδυασμοί!$B$2:$B$998,$A3,Συνδυασμοί!$F$2:$F$998) -> 13.11 | C3: =SUMIF(Συνδυασμοί!$B$2:$B$998,$A3,Συνδυασμοί!$G$2:$G$998) -> 24.55 | D3: =SUMIF(Συνδυασμοί!$B$2:$B$998,$A3,Συνδυασμοί!$H$2:$H$998) -> 27.63 | E3: =Ref!$B$2*$B3 -> 52.44 | F3: =Ref!$B$3*$C3 -> 98.2 | G3: =Ref!$B$4*$D3 -> 248.67 | H3: =SUM($E3:$G3) -> 399.31 | I3: pc | J3: 1 | K3: 1
A4: {=IFERROR(INDEX(Συνδυασμοί!$B$2:$B$998, MATCH(0,COUNTIF($A$1:$A3, Συνδυασμοί!$B$2:$B$998),0)),"")} -> Πρωινό Γάλα-Τοστ | B4: =SUMIF(Συνδυασμοί!$B$2:$B$998,$A4,Συνδυασμοί!$F$2:$F$998) -> 23.3 | C4: =SUMIF(Συνδυασμοί!$B$2:$B$998,$A4,Συνδυασμοί!$G$2:$G$998) -> 36.5 | D4: =SUMIF(Συνδυασμοί!$B$2:$B$998,$A4,Συνδυασμοί!$H$2:$H$998) -> 11.6 | E4: =Ref!$B$2*$B4 -> 93.2 | F4: =Ref!$B$3*$C4 -> 146 | G4: =Ref!$B$4*$D4 -> 104.4 | H4: =SUM($E4:$G4) -> 343.6 | I4: pc | J4: 1 | K4: 1
A5: {=IFERROR(INDEX(Συνδυασμοί!$B$2:$B$998, MATCH(0,COUNTIF($A$1:$A4, Συνδυασμοί!$B$2:$B$998),0)),"")} -> Πρωινό ΠαξιμΚυθ-Φέτα | B5: =SUMIF(Συνδυασμοί!$B$2:$B$998,$A5,Συνδυασμοί!$F$2:$F$998) -> 16.86 | C5: =SUMIF(Συνδυασμοί!$B$2:$B$998,$A5,Συνδυασμοί!$G$2:$G$998) -> 42.12 | D5: =SUMIF(Συνδυασμοί!$B$2:$B$998,$A5,Συνδυασμοί!$H$2:$H$998) -> 22.62 | E5: =Ref!$B$2*$B5 -> 67.44 | F5: =Ref!$B$3*$C5 -> 168.48 | G5: =Ref!$B$4*$D5 -> 203.58 | H5: =SUM($E5:$G5) -> 439.5 | I5: pc | J5: 1 | K5: 1
A6: {=IFERROR(INDEX(Συνδυασμοί!$B$2:$B$998, MATCH(0,COUNTIF($A$1:$A5, Συνδυασμοί!$B$2:$B$998),0)),"")} -> Πρωινό Αυγά | B6: =SUMIF(Συνδυασμοί!$B$2:$B$998,$A6,Συνδυασμοί!$F$2:$F$998) -> 34.6 | C6: =SUMIF(Συνδυασμοί!$B$2:$B$998,$A6,Συνδυασμοί!$G$2:$G$998) -> 37.72 | D6: =SUMIF(Συνδυασμοί!$B$2:$B$998,$A6,Συνδυασμοί!$H$2:$H$998) -> 24.866 | E6: =Ref!$B$2*$B6 -> 138.4 | F6: =Ref!$B$3*$C6 -> 150.88 | G6: =Ref!$B$4*$D6 -> 223.794 | H6: =SUM($E6:$G6) -> 513.074 | I6: pc | J6: 1 | K6: 1
A7: {=IFERROR(INDEX(Συνδυασμοί!$B$2:$B$998, MATCH(0,COUNTIF($A$1:$A6, Συνδυασμοί!$B$2:$B$998),0)),"")} -> Μοσχάρι με Πιπεριές Πιλάφι | B7: =SUMIF(Συνδυασμοί!$B$2:$B$998,$A7,Συνδυασμοί!$F$2:$F$998) -> 163.08 | C7: =SUMIF(Συνδυασμοί!$B$2:$B$998,$A7,Συνδυασμοί!$G$2:$G$998) -> 143.04 | D7: =SUMIF(Συνδυασμοί!$B$2:$B$998,$A7,Συνδυασμοί!$H$2:$H$998) -> 78.29 | E7: =Ref!$B$2*$B7 -> 652.32 | F7: =Ref!$B$3*$C7 -> 572.16 | G7: =Ref!$B$4*$D7 -> 704.61 | H7: =SUM($E7:$G7) -> 1929.09 | I7: gr | J7: 1800 | K7: 5
A8: {=IFERROR(INDEX(Συνδυασμοί!$B$2:$B$998, MATCH(0,COUNTIF($A$1:$A7, Συνδυασμοί!$B$2:$B$998),0)),"")} -> Κοτόπουλο Κόρμα | B8: =SUMIF(Συνδυασμοί!$B$2:$B$998,$A8,Συνδυασμοί!$F$2:$F$998) -> 268.5 | C8: =SUMIF(Συνδυασμοί!$B$2:$B$998,$A8,Συνδυασμοί!$G$2:$G$998) -> 49.1 | D8: =SUMIF(Συνδυασμοί!$B$2:$B$998,$A8,Συνδυασμοί!$H$2:$H$998) -> 113.09 | E8: =Ref!$B$2*$B8 -> 1074 | F8: =Ref!$B$3*$C8 -> 196.4 | G8: =Ref!$B$4*$D8 -> 1017.81 | H8: =SUM($E8:$G8) -> 2288.21 | I8: gr
A9: {=IFERROR(INDEX(Συνδυασμοί!$B$2:$B$998, MATCH(0,COUNTIF($A$1:$A8, Συνδυασμοί!$B$2:$B$998),0)),"")} -> Τόνος Κόρμα | B9: =SUMIF(Συνδυασμοί!$B$2:$B$998,$A9,Συνδυασμοί!$F$2:$F$998) -> 54.6 | C9: =SUMIF(Συνδυασμοί!$B$2:$B$998,$A9,Συνδυασμοί!$G$2:$G$998) -> 93.5 | D9: =SUMIF(Συνδυασμοί!$B$2:$B$998,$A9,Συνδυασμοί!$H$2:$H$998) -> 11.73 | E9: =Ref!$B$2*$B9 -> 218.4 | F9: =Ref!$B$3*$C9 -> 374 | G9: =Ref!$B$4*$D9 -> 105.57 | H9: =SUM($E9:$G9) -> 697.97 | I9: gr | J9: 678 | K9: 2
A10: {=IFERROR(INDEX(Συνδυασμοί!$B$2:$B$998, MATCH(0,COUNTIF($A$1:$A9, Συνδυασμοί!$B$2:$B$998),0)),"")} -> Ψητά Λαχανικά | B10: =SUMIF(Συνδυασμοί!$B$2:$B$998,$A10,Συνδυασμοί!$F$2:$F$998) -> 23.18 | C10: =SUMIF(Συνδυασμοί!$B$2:$B$998,$A10,Συνδυασμοί!$G$2:$G$998) -> 99.12 | D10: =SUMIF(Συνδυασμοί!$B$2:$B$998,$A10,Συνδυασμοί!$H$2:$H$998) -> 23.82 | E10: =Ref!$B$2*$B10 -> 92.72 | F10: =Ref!$B$3*$C10 -> 396.48 | G10: =Ref!$B$4*$D10 -> 214.38 | H10: =SUM($E10:$G10) -> 703.58 | I10: gr | J10: 1000 | K10: 5
A11: {=IFERROR(INDEX(Συνδυασμοί!$B$2:$B$998, MATCH(0,COUNTIF($A$1:$A10, Συνδυασμοί!$B$2:$B$998),0)),"")} -> Μπιφτέκια Γαλοπούλας | B11: =SUMIF(Συνδυασμοί!$B$2:$B$998,$A11,Συνδυασμοί!$F$2:$F$998) -> 324.18 | C11: =SUMIF(Συνδυασμοί!$B$2:$B$998,$A11,Συνδυασμοί!$G$2:$G$998) -> 120.825 | D11: =SUMIF(Συνδυασμοί!$B$2:$B$998,$A11,Συνδυασμοί!$H$2:$H$998) -> 55.685 | E11: =Ref!$B$2*$B11 -> 1296.72 | F11: =Ref!$B$3*$C11 -> 483.3 | G11: =Ref!$B$4*$D11 -> 501.165 | H11: =SUM($E11:$G11) -> 2281.185 | I11: gr | J11: 2200
A12: {=IFERROR(INDEX(Συνδυασμοί!$B$2:$B$998, MATCH(0,COUNTIF($A$1:$A11, Συνδυασμοί!$B$2:$B$998),0)),"")} -> Σουτζουκάκια Σμυρνέικα | B12: =SUMIF(Συνδυασμοί!$B$2:$B$998,$A12,Συνδυασμοί!$F$2:$F$998) -> 417.85 | C12: =SUMIF(Συνδυασμοί!$B$2:$B$998,$A12,Συνδυασμοί!$G$2:$G$998) -> 105.9 | D12: =SUMIF(Συνδυασμοί!$B$2:$B$998,$A12,Συνδυασμοί!$H$2:$H$998) -> 286.53 | E12: =Ref!$B$2*$B12 -> 1671.4 | F12: =Ref!$B$3*$C12 -> 423.6 | G12: =Ref!$B$4*$D12 -> 2578.77 | H12: =SUM($E12:$G12) -> 4673.77 | I12: gr | J12: 3000
A13: {=IFERROR(INDEX(Συνδυασμοί!$B$2:$B$998, MATCH(0,COUNTIF($A$1:$A12, Συνδυασμοί!$B$2:$B$998),0)),"")} -> Κάρυ Λαχανικών Γαλοπούλα | B13: =SUMIF(Συνδυασμοί!$B$2:$B$998,$A13,Συνδυασμοί!$F$2:$F$998) -> 170.36 | C13: =SUMIF(Συνδυασμοί!$B$2:$B$998,$A13,Συνδυασμοί!$G$2:$G$998) -> 195.82 | D13: =SUMIF(Συνδυασμοί!$B$2:$B$998,$A13,Συνδυασμοί!$H$2:$H$998) -> 40.285 | E13: =Ref!$B$2*$B13 -> 681.44 | F13: =Ref!$B$3*$C13 -> 783.28 | G13: =Ref!$B$4*$D13 -> 362.565 | H13: =SUM($E13:$G13) -> 1827.285 | I13: gr | J13: 2600 | K13: 5
A14: {=IFERROR(INDEX(Συνδυασμοί!$B$2:$B$998, MATCH(0,COUNTIF($A$1:$A13, Συνδυασμοί!$B$2:$B$998),0)),"")} -> Αρακάς Αντώνη | B14: =SUMIF(Συνδυασμοί!$B$2:$B$998,$A14,Συνδυασμοί!$F$2:$F$998) -> 55.76 | C14: =SUMIF(Συνδυασμοί!$B$2:$B$998,$A14,Συνδυασμοί!$G$2:$G$998) -> 194.93 | D14: =SUMIF(Συνδυασμοί!$B$2:$B$998,$A14,Συνδυασμοί!$H$2:$H$998) -> 107.01 | E14: =Ref!$B$2*$B14 -> 223.04 | F14: =Ref!$B$3*$C14 -> 779.72 | G14: =Ref!$B$4*$D14 -> 963.09 | H14: =SUM($E14:$G14) -> 1965.85 | I14: gr | J14: 1600
A15: {=IFERROR(INDEX(Συνδυασμοί!$B$2:$B$998, MATCH(0,COUNTIF($A$1:$A14, Συνδυασμοί!$B$2:$B$998),0)),"")} -> Πουρές | B15: =SUMIF(Συνδυασμοί!$B$2:$B$998,$A15,Συνδυασμοί!$F$2:$F$998) -> 35.478 | C15: =SUMIF(Συνδυασμοί!$B$2:$B$998,$A15,Συνδυασμοί!$G$2:$G$998) -> 236.266 | D15: =SUMIF(Συνδυασμοί!$B$2:$B$998,$A15,Συνδυασμοί!$H$2:$H$998) -> 36.66 | E15: =Ref!$B$2*$B15 -> 141.912 | F15: =Ref!$B$3*$C15 -> 945.064 | G15: =Ref!$B$4*$D15 -> 329.94 | H15: =SUM($E15:$G15) -> 1416.916 | I15: gr | J15: 1600
A16: {=IFERROR(INDEX(Συνδυασμοί!$B$2:$B$998, MATCH(0,COUNTIF($A$1:$A15, Συνδυασμοί!$B$2:$B$998),0)),"")} -> Μοσχάρι με μαύρη μπύρα | B16: =SUMIF(Συνδυασμοί!$B$2:$B$998,$A16,Συνδυασμοί!$F$2:$F$998) -> 343.21 | C16: =SUMIF(Συνδυασμοί!$B$2:$B$998,$A16,Συνδυασμοί!$G$2:$G$998) -> 235.102 | D16: =SUMIF(Συνδυασμοί!$B$2:$B$998,$A16,Συνδυασμοί!$H$2:$H$998) -> 203.85 | E16: =Ref!$B$2*$B16 -> 1372.84 | F16: =Ref!$B$3*$C16 -> 940.408 | G16: =Ref!$B$4*$D16 -> 1834.65 | H16: =SUM($E16:$G16) -> 4147.898 | I16: gr | J16: 2500 | K16: 10
A17: {=IFERROR(INDEX(Συνδυασμοί!$B$2:$B$998, MATCH(0,COUNTIF($A$1:$A16, Συνδυασμοί!$B$2:$B$998),0)),"")} -> Βραδινό γιαούρτι-φρούτα | B17: =SUMIF(Συνδυασμοί!$B$2:$B$998,$A17,Συνδυασμοί!$F$2:$F$998) -> 19.44 | C17: =SUMIF(Συνδυασμοί!$B$2:$B$998,$A17,Συνδυασμοί!$G$2:$G$998) -> 75.2 | D17: =SUMIF(Συνδυασμοί!$B$2:$B$998,$A17,Συνδυασμοί!$H$2:$H$998) -> 5.74 | E17: =Ref!$B$2*$B17 -> 77.76 | F17: =Ref!$B$3*$C17 -> 300.8 | G17: =Ref!$B$4*$D17 -> 51.66 | H17: =SUM($E17:$G17) -> 430.22 | I17: pc | J17: 1
A18: {=IFERROR(INDEX(Συνδυασμοί!$B$2:$B$998, MATCH(0,COUNTIF($A$1:$A17, Συνδυασμοί!$B$2:$B$998),0)),"")} -> Κολοκυθόσουπα | B18: =SUMIF(Συνδυασμοί!$B$2:$B$998,$A18,Συνδυασμοί!$F$2:$F$998) -> 26.12 | C18: =SUMIF(Συνδυασμοί!$B$2:$B$998,$A18,Συνδυασμοί!$G$2:$G$998) -> 78.14 | D18: =SUMIF(Συνδυασμοί!$B$2:$B$998,$A18,Συνδυασμοί!$H$2:$H$998) -> 21.4 | E18: =Ref!$B$2*$B18 -> 104.48 | F18: =Ref!$B$3*$C18 -> 312.56 | G18: =Ref!$B$4*$D18 -> 192.6 | H18: =SUM($E18:$G18) -> 609.64 | I18: gr | J18: 1460
A19: {=IFERROR(INDEX(Συνδυασμοί!$B$2:$B$998, MATCH(0,COUNTIF($A$1:$A18, Συνδυασμοί!$B$2:$B$998),0)),"")} -> Φακή Αντώνη | B19: =SUMIF(Συνδυασμοί!$B$2:$B$998,$A19,Συνδυασμοί!$F$2:$F$998) -> 169.31 | C19: =SUMIF(Συνδυασμοί!$B$2:$B$998,$A19,Συνδυασμοί!$G$2:$G$998) -> 450.76 | D19: =SUMIF(Συνδυασμοί!$B$2:$B$998,$A19,Συνδυασμοί!$H$2:$H$998) -> 102.16 | E19: =Ref!$B$2*$B19 -> 677.24 | F19: =Ref!$B$3*$C19 -> 1803.04 | G19: =Ref!$B$4*$D19 -> 919.44 | H19: =SUM($E19:$G19) -> 3399.72 | I19: gr | J19: 3500
A20: {=IFERROR(INDEX(Συνδυασμοί!$B$2:$B$998, MATCH(0,COUNTIF($A$1:$A19, Συνδυασμοί!$B$2:$B$998),0)),"")} -> Ψωμί | B20: =SUMIF(Συνδυασμοί!$B$2:$B$998,$A20,Συνδυασμοί!$F$2:$F$998) -> 127.875 | C20: =SUMIF(Συνδυασμοί!$B$2:$B$998,$A20,Συνδυασμοί!$G$2:$G$998) -> 813.75 | D20: =SUMIF(Συνδυασμοί!$B$2:$B$998,$A20,Συνδυασμοί!$H$2:$H$998) -> 14.625 | E20: =Ref!$B$2*$B20 -> 511.5 | F20: =Ref!$B$3*$C20 -> 3255 | G20: =Ref!$B$4*$D20 -> 131.625 | H20: =SUM($E20:$G20) -> 3898.125 | I20: gr | J20: 1750
A21: {=IFERROR(INDEX(Συνδυασμοί!$B$2:$B$998, MATCH(0,COUNTIF($A$1:$A20, Συνδυασμοί!$B$2:$B$998),0)),"")} -> Ομελέτα Φούρνου | B21: =SUMIF(Συνδυασμοί!$B$2:$B$998,$A21,Συνδυασμοί!$F$2:$F$998) -> 100.42 | C21: =SUMIF(Συνδυασμοί!$B$2:$B$998,$A21,Συνδυασμοί!$G$2:$G$998) -> 62.2 | D21: =SUMIF(Συνδυασμοί!$B$2:$B$998,$A21,Συνδυασμοί!$H$2:$H$998) -> 135.57 | E21: =Ref!$B$2*$B21 -> 401.68 | F21: =Ref!$B$3*$C21 -> 248.8 | G21: =Ref!$B$4*$D21 -> 1220.13 | H21: =SUM($E21:$G21) -> 1870.61 | I21: pc | J21: 1 | Q21: 162.25 | R21: 389.7 | S21: 103.1 | T21: 649 | U21: 1558.8 | V21: 927.9 | W21: 3135.7
A22: {=IFERROR(INDEX(Συνδυασμοί!$B$2:$B$998, MATCH(0,COUNTIF($A$1:$A21, Συνδυασμοί!$B$2:$B$998),0)),"")} -> Κουκιά Αντώνη | B22: =SUMIF(Συνδυασμοί!$B$2:$B$998,$A22,Συνδυασμοί!$F$2:$F$998) -> 136.76 | C22: =SUMIF(Συνδυασμοί!$B$2:$B$998,$A22,Συνδυασμοί!$G$2:$G$998) -> 327.64 | D22: =SUMIF(Συνδυασμοί!$B$2:$B$998,$A22,Συνδυασμοί!$H$2:$H$998) -> 101.98 | E22: =Ref!$B$2*$B22 -> 547.04 | F22: =Ref!$B$3*$C22 -> 1310.56 | G22: =Ref!$B$4*$D22 -> 917.82 | H22: =SUM($E22:$G22) -> 2775.42 | I22: gr | J22: 2270 | Q22: 136.76 | R22: 327.64 | S22: 101.98 | T22: 547.04 | U22: 1310.56 | V22: 917.82 | W22: 2775.42 | X22: gr | Y22: 2270
A23: {=IFERROR(INDEX(Συνδυασμοί!$B$2:$B$998, MATCH(0,COUNTIF($A$1:$A22, Συνδυασμοί!$B$2:$B$998),0)),"")} -> Κιμάς Μακαρονιών | B23: =SUMIF(Συνδυασμοί!$B$2:$B$998,$A23,Συνδυασμοί!$F$2:$F$998) -> 266.99 | C23: =SUMIF(Συνδυασμοί!$B$2:$B$998,$A23,Συνδυασμοί!$G$2:$G$998) -> 62.47 | D23: =SUMIF(Συνδυασμοί!$B$2:$B$998,$A23,Συνδυασμοί!$H$2:$H$998) -> 133.94 | E23: =Ref!$B$2*$B23 -> 1067.96 | F23: =Ref!$B$3*$C23 -> 249.88 | G23: =Ref!$B$4*$D23 -> 1205.46 | H23: =SUM($E23:$G23) -> 2523.3 | I23: gr | J23: 1200
A24: {=IFERROR(INDEX(Συνδυασμοί!$B$2:$B$998, MATCH(0,COUNTIF($A$1:$A23, Συνδυασμοί!$B$2:$B$998),0)),"")} -> Φασολάκια Αντώνη | B24: =SUMIF(Συνδυασμοί!$B$2:$B$998,$A24,Συνδυασμοί!$F$2:$F$998) -> 33.74 | C24: =SUMIF(Συνδυασμοί!$B$2:$B$998,$A24,Συνδυασμοί!$G$2:$G$998) -> 178.59 | D24: =SUMIF(Συνδυασμοί!$B$2:$B$998,$A24,Συνδυασμοί!$H$2:$H$998) -> 154.28 | E24: =Ref!$B$2*$B24 -> 134.96 | F24: =Ref!$B$3*$C24 -> 714.36 | G24: =Ref!$B$4*$D24 -> 1388.52 | H24: =SUM($E24:$G24) -> 2237.84 | I24: gr | J24: 2000 | O24: 600
A25: {=IFERROR(INDEX(Συνδυασμοί!$B$2:$B$998, MATCH(0,COUNTIF($A$1:$A24, Συνδυασμοί!$B$2:$B$998),0)),"")} -> Σπογγώδης Τυρόπιτα Μαριάνθης | B25: =SUMIF(Συνδυασμοί!$B$2:$B$998,$A25,Συνδυασμοί!$F$2:$F$998) -> 100.1 | C25: =SUMIF(Συνδυασμοί!$B$2:$B$998,$A25,Συνδυασμοί!$G$2:$G$998) -> 134.63 | D25: =SUMIF(Συνδυασμοί!$B$2:$B$998,$A25,Συνδυασμοί!$H$2:$H$998) -> 195.85 | E25: =Ref!$B$2*$B25 -> 400.4 | F25: =Ref!$B$3*$C25 -> 538.52 | G25: =Ref!$B$4*$D25 -> 1762.65 | H25: =SUM($E25:$G25) -> 2701.57 | I25: gr | J25: 1150
A26: {=IFERROR(INDEX(Συνδυασμοί!$B$2:$B$998, MATCH(0,COUNTIF($A$1:$A25, Συνδυασμοί!$B$2:$B$998),0)),"")} -> Τσουρέκι Μαριάνθης | B26: =SUMIF(Συνδυασμοί!$B$2:$B$998,$A26,Συνδυασμοί!$F$2:$F$998) -> 200.155 | C26: =SUMIF(Συνδυασμοί!$B$2:$B$998,$A26,Συνδυασμοί!$G$2:$G$998) -> 1190.345 | D26: =SUMIF(Συνδυασμοί!$B$2:$B$998,$A26,Συνδυασμοί!$H$2:$H$998) -> 176.625 | E26: =Ref!$B$2*$B26 -> 800.62 | F26: =Ref!$B$3*$C26 -> 4761.38 | G26: =Ref!$B$4*$D26 -> 1589.625 | H26: =SUM($E26:$G26) -> 7151.625 | I26: gr | J26: 2000
A27: {=IFERROR(INDEX(Συνδυασμοί!$B$2:$B$998, MATCH(0,COUNTIF($A$1:$A26, Συνδυασμοί!$B$2:$B$998),0)),"")} -> Σούπα Πράσο | B27: =SUMIF(Συνδυασμοί!$B$2:$B$998,$A27,Συνδυασμοί!$F$2:$F$998) -> 54.5 | C27: =SUMIF(Συνδυασμοί!$B$2:$B$998,$A27,Συνδυασμοί!$G$2:$G$998) -> 226 | D27: =SUMIF(Συνδυασμοί!$B$2:$B$998,$A27,Συνδυασμοί!$H$2:$H$998) -> 59.15 | E27: =Ref!$B$2*$B27 -> 218 | F27: =Ref!$B$3*$C27 -> 904 | G27: =Ref!$B$4*$D27 -> 532.35 | H27: =SUM($E27:$G27) -> 1654.35 | I27: gr | J27: 3000
A28: {=IFERROR(INDEX(Συνδυασμοί!$B$2:$B$998, MATCH(0,COUNTIF($A$1:$A27, Συνδυασμοί!$B$2:$B$998),0)),"")} -> Λαχανικά Κοτόπουλου Κάρι | B28: =SUMIF(Συνδυασμοί!$B$2:$B$998,$A28,Συνδυασμοί!$F$2:$F$998) -> 74.05 | C28: =SUMIF(Συνδυασμοί!$B$2:$B$998,$A28,Συνδυασμοί!$G$2:$G$998) -> 209.35 | D28: =SUMIF(Συνδυασμοί!$B$2:$B$998,$A28,Συνδυασμοί!$H$2:$H$998) -> 225.45 | E28: =Ref!$B$2*$B28 -> 296.2 | F28: =Ref!$B$3*$C28 -> 837.4 | G28: =Ref!$B$4*$D28 -> 2029.05 | H28: =SUM($E28:$G28) -> 3162.65 | I28: gr | J28: 3000
A29: {=IFERROR(INDEX(Συνδυασμοί!$B$2:$B$998, MATCH(0,COUNTIF($A$1:$A28, Συνδυασμοί!$B$2:$B$998),0)),"")} -> Τσουρέκι Μαριάνθης 2 | B29: =SUMIF(Συνδυασμοί!$B$2:$B$998,$A29,Συνδυασμοί!$F$2:$F$998) -> 115.9 | C29: =SUMIF(Συνδυασμοί!$B$2:$B$998,$A29,Συνδυασμοί!$G$2:$G$998) -> 829.05 | D29: =SUMIF(Συνδυασμοί!$B$2:$B$998,$A29,Συνδυασμοί!$H$2:$H$998) -> 104.2 | E29: =Ref!$B$2*$B29 -> 463.6 | F29: =Ref!$B$3*$C29 -> 3316.2 | G29: =Ref!$B$4*$D29 -> 937.8 | H29: =SUM($E29:$G29) -> 4717.6 | I29: gr | J29: 1600
A30: {=IFERROR(INDEX(Συνδυασμοί!$B$2:$B$998, MATCH(0,COUNTIF($A$1:$A29, Συνδυασμοί!$B$2:$B$998),0)),"")} -> Χοιρινό Φρικασέ Μαριάνθης | B30: =SUMIF(Συνδυασμοί!$B$2:$B$998,$A30,Συνδυασμοί!$F$2:$F$998) -> 509.73 | C30: =SUMIF(Συνδυασμοί!$B$2:$B$998,$A30,Συνδυασμοί!$G$2:$G$998) -> 70.43 | D30: =SUMIF(Συνδυασμοί!$B$2:$B$998,$A30,Συνδυασμοί!$H$2:$H$998) -> 339.67 | E30: =Ref!$B$2*$B30 -> 2038.92 | F30: =Ref!$B$3*$C30 -> 281.72 | G30: =Ref!$B$4*$D30 -> 3057.03 | H30: =SUM($E30:$G30) -> 5377.67 | I30: gr | J30: 3300
A31: {=IFERROR(INDEX(Συνδυασμοί!$B$2:$B$998, MATCH(0,COUNTIF($A$1:$A30, Συνδυασμοί!$B$2:$B$998),0)),"")} -> Μαυρομάτικα Αντώνη | B31: =SUMIF(Συνδυασμοί!$B$2:$B$998,$A31,Συνδυασμοί!$F$2:$F$998) -> 118.54 | C31: =SUMIF(Συνδυασμοί!$B$2:$B$998,$A31,Συνδυασμοί!$G$2:$G$998) -> 284.07 | D31: =SUMIF(Συνδυασμοί!$B$2:$B$998,$A31,Συνδυασμοί!$H$2:$H$998) -> 122.45 | E31: =Ref!$B$2*$B31 -> 474.16 | F31: =Ref!$B$3*$C31 -> 1136.28 | G31: =Ref!$B$4*$D31 -> 1102.05 | H31: =SUM($E31:$G31) -> 2712.49 | I31: gr | J31: 2000
A32: {=IFERROR(INDEX(Συνδυασμοί!$B$2:$B$998, MATCH(0,COUNTIF($A$1:$A31, Συνδυασμοί!$B$2:$B$998),0)),"")} -> Σπανακόπιτα Αντώνη | B32: =SUMIF(Συνδυασμοί!$B$2:$B$998,$A32,Συνδυασμοί!$F$2:$F$998) -> 198.95 | C32: =SUMIF(Συνδυασμοί!$B$2:$B$998,$A32,Συνδυασμοί!$G$2:$G$998) -> 372.49 | D32: =SUMIF(Συνδυασμοί!$B$2:$B$998,$A32,Συνδυασμοί!$H$2:$H$998) -> 315.93 | E32: =Ref!$B$2*$B32 -> 795.8 | F32: =Ref!$B$3*$C32 -> 1489.96 | G32: =Ref!$B$4*$D32 -> 2843.37 | H32: =SUM($E32:$G32) -> 5129.13 | I32: cm2 | J32: 1000
A33: {=IFERROR(INDEX(Συνδυασμοί!$B$2:$B$998, MATCH(0,COUNTIF($A$1:$A32, Συνδυασμοί!$B$2:$B$998),0)),"")} -> Carrot Cake Κολοβέρου | B33: =SUMIF(Συνδυασμοί!$B$2:$B$998,$A33,Συνδυασμοί!$F$2:$F$998) -> 49.47 | C33: =SUMIF(Συνδυασμοί!$B$2:$B$998,$A33,Συνδυασμοί!$G$2:$G$998) -> 211.06 | D33: =SUMIF(Συνδυασμοί!$B$2:$B$998,$A33,Συνδυασμοί!$H$2:$H$998) -> 57.905 | E33: =Ref!$B$2*$B33 -> 197.88 | F33: =Ref!$B$3*$C33 -> 844.24 | G33: =Ref!$B$4*$D33 -> 521.145 | H33: =SUM($E33:$G33) -> 1563.265 | I33: gr | J33: 700 | N33: =1566/14 -> 111.85714
A34: {=IFERROR(INDEX(Συνδυασμοί!$B$2:$B$998, MATCH(0,COUNTIF($A$1:$A33, Συνδυασμοί!$B$2:$B$998),0)),"")} -> Μπιφτέκια Μοσχαρίσια | B34: =SUMIF(Συνδυασμοί!$B$2:$B$998,$A34,Συνδυασμοί!$F$2:$F$998) -> 302.5 | C34: =SUMIF(Συνδυασμοί!$B$2:$B$998,$A34,Συνδυασμοί!$G$2:$G$998) -> 69.1 | D34: =SUMIF(Συνδυασμοί!$B$2:$B$998,$A34,Συνδυασμοί!$H$2:$H$998) -> 131.49 | E34: =Ref!$B$2*$B34 -> 1210 | F34: =Ref!$B$3*$C34 -> 276.4 | G34: =Ref!$B$4*$D34 -> 1183.41 | H34: =SUM($E34:$G34) -> 2669.81 | I34: pc | J34: 16
A35: {=IFERROR(INDEX(Συνδυασμοί!$B$2:$B$998, MATCH(0,COUNTIF($A$1:$A34, Συνδυασμοί!$B$2:$B$998),0)),"")} -> Μύδια Σαγανάκι Αντώνη | B35: =SUMIF(Συνδυασμοί!$B$2:$B$998,$A35,Συνδυασμοί!$F$2:$F$998) -> 113.09 | C35: =SUMIF(Συνδυασμοί!$B$2:$B$998,$A35,Συνδυασμοί!$G$2:$G$998) -> 29.96 | D35: =SUMIF(Συνδυασμοί!$B$2:$B$998,$A35,Συνδυασμοί!$H$2:$H$998) -> 120.38 | E35: =Ref!$B$2*$B35 -> 452.36 | F35: =Ref!$B$3*$C35 -> 119.84 | G35: =Ref!$B$4*$D35 -> 1083.42 | H35: =SUM($E35:$G35) -> 1655.62 | I35: gr | J35: 800
A36: {=IFERROR(INDEX(Συνδυασμοί!$B$2:$B$998, MATCH(0,COUNTIF($A$1:$A35, Συνδυασμοί!$B$2:$B$998),0)),"")} -> Φάβα Αντώνη | B36: =SUMIF(Συνδυασμοί!$B$2:$B$998,$A36,Συνδυασμοί!$F$2:$F$998) -> 177.2 | C36: =SUMIF(Συνδυασμοί!$B$2:$B$998,$A36,Συνδυασμοί!$G$2:$G$998) -> 438.6 | D36: =SUMIF(Συνδυασμοί!$B$2:$B$998,$A36,Συνδυασμοί!$H$2:$H$998) -> 36.59 | E36: =Ref!$B$2*$B36 -> 708.8 | F36: =Ref!$B$3*$C36 -> 1754.4 | G36: =Ref!$B$4*$D36 -> 329.31 | H36: =SUM($E36:$G36) -> 2792.51 | I36: gr | J36: 3000
A37: {=IFERROR(INDEX(Συνδυασμοί!$B$2:$B$998, MATCH(0,COUNTIF($A$1:$A36, Συνδυασμοί!$B$2:$B$998),0)),"")} -> Banana bread | B37: =SUMIF(Συνδυασμοί!$B$2:$B$998,$A37,Συνδυασμοί!$F$2:$F$998) -> 88.045 | C37: =SUMIF(Συνδυασμοί!$B$2:$B$998,$A37,Συνδυασμοί!$G$2:$G$998) -> 395.705 | D37: =SUMIF(Συνδυασμοί!$B$2:$B$998,$A37,Συνδυασμοί!$H$2:$H$998) -> 88.59 | E37: =Ref!$B$2*$B37 -> 352.18 | F37: =Ref!$B$3*$C37 -> 1582.82 | G37: =Ref!$B$4*$D37 -> 797.31 | H37: =SUM($E37:$G37) -> 2732.31 | I37: gr | J37: 1050 | N37: =$H37/22 -> 124.19591
A38: {=IFERROR(INDEX(Συνδυασμοί!$B$2:$B$998, MATCH(0,COUNTIF($A$1:$A37, Συνδυασμοί!$B$2:$B$998),0)),"")} -> Σπετζοφάι | B38: =SUMIF(Συνδυασμοί!$B$2:$B$998,$A38,Συνδυασμοί!$F$2:$F$998) -> 111.3 | C38: =SUMIF(Συνδυασμοί!$B$2:$B$998,$A38,Συνδυασμοί!$G$2:$G$998) -> 48.2 | D38: =SUMIF(Συνδυασμοί!$B$2:$B$998,$A38,Συνδυασμοί!$H$2:$H$998) -> 185.51 | E38: =Ref!$B$2*$B38 -> 445.2 | F38: =Ref!$B$3*$C38 -> 192.8 | G38: =Ref!$B$4*$D38 -> 1669.59 | H38: =SUM($E38:$G38) -> 2307.59 | I38: gr | J38: 2000
A39: {=IFERROR(INDEX(Συνδυασμοί!$B$2:$B$998, MATCH(0,COUNTIF($A$1:$A38, Συνδυασμοί!$B$2:$B$998),0)),"")} -> Φασολάδα Αντώνη | B39: =SUMIF(Συνδυασμοί!$B$2:$B$998,$A39,Συνδυασμοί!$F$2:$F$998) -> 123.04 | C39: =SUMIF(Συνδυασμοί!$B$2:$B$998,$A39,Συνδυασμοί!$G$2:$G$998) -> 409.135 | D39: =SUMIF(Συνδυασμοί!$B$2:$B$998,$A39,Συνδυασμοί!$H$2:$H$998) -> 77.14 | E39: =Ref!$B$2*$B39 -> 492.16 | F39: =Ref!$B$3*$C39 -> 1636.54 | G39: =Ref!$B$4*$D39 -> 694.26 | H39: =SUM($E39:$G39) -> 2822.96 | I39: gr | J39: 3000
A40: {=IFERROR(INDEX(Συνδυασμοί!$B$2:$B$998, MATCH(0,COUNTIF($A$1:$A39, Συνδυασμοί!$B$2:$B$998),0)),"")} -> Περιβολίσια Βανδή | B40: =SUMIF(Συνδυασμοί!$B$2:$B$998,$A40,Συνδυασμοί!$F$2:$F$998) -> 7.79 | C40: =SUMIF(Συνδυασμοί!$B$2:$B$998,$A40,Συνδυασμοί!$G$2:$G$998) -> 45.195 | D40: =SUMIF(Συνδυασμοί!$B$2:$B$998,$A40,Συνδυασμοί!$H$2:$H$998) -> 38.77 | E40: =Ref!$B$2*$B40 -> 31.16 | F40: =Ref!$B$3*$C40 -> 180.78 | G40: =Ref!$B$4*$D40 -> 348.93 | H40: =SUM($E40:$G40) -> 560.87 | I40: gr | J40: 1000
A41: {=IFERROR(INDEX(Συνδυασμοί!$B$2:$B$998, MATCH(0,COUNTIF($A$1:$A40, Συνδυασμοί!$B$2:$B$998),0)),"")} -> Ρεβύθια Κάρυ | B41: =SUMIF(Συνδυασμοί!$B$2:$B$998,$A41,Συνδυασμοί!$F$2:$F$998) -> 98.04 | C41: =SUMIF(Συνδυασμοί!$B$2:$B$998,$A41,Συνδυασμοί!$G$2:$G$998) -> 326.82 | D41: =SUMIF(Συνδυασμοί!$B$2:$B$998,$A41,Συνδυασμοί!$H$2:$H$998) -> 76.89 | E41: =Ref!$B$2*$B41 -> 392.16 | F41: =Ref!$B$3*$C41 -> 1307.28 | G41: =Ref!$B$4*$D41 -> 692.01 | H41: =SUM($E41:$G41) -> 2391.45 | I41: gr | J41: 1700
A42: {=IFERROR(INDEX(Συνδυασμοί!$B$2:$B$998, MATCH(0,COUNTIF($A$1:$A41, Συνδυασμοί!$B$2:$B$998),0)),"")} -> Ομελέτα | B42: =SUMIF(Συνδυασμοί!$B$2:$B$998,$A42,Συνδυασμοί!$F$2:$F$998) -> 151.5 | C42: =SUMIF(Συνδυασμοί!$B$2:$B$998,$A42,Συνδυασμοί!$G$2:$G$998) -> 47.35 | D42: =SUMIF(Συνδυασμοί!$B$2:$B$998,$A42,Συνδυασμοί!$H$2:$H$998) -> 127.76 | E42: =Ref!$B$2*$B42 -> 606 | F42: =Ref!$B$3*$C42 -> 189.4 | G42: =Ref!$B$4*$D42 -> 1149.84 | H42: =SUM($E42:$G42) -> 1945.24 | I42: pc | J42: 4
A43: {=IFERROR(INDEX(Συνδυασμοί!$B$2:$B$998, MATCH(0,COUNTIF($A$1:$A42, Συνδυασμοί!$B$2:$B$998),0)),"")} -> Ρύζι τόνος | B43: =SUMIF(Συνδυασμοί!$B$2:$B$998,$A43,Συνδυασμοί!$F$2:$F$998) -> 119.8 | C43: =SUMIF(Συνδυασμοί!$B$2:$B$998,$A43,Συνδυασμοί!$G$2:$G$998) -> 165.56 | D43: =SUMIF(Συνδυασμοί!$B$2:$B$998,$A43,Συνδυασμοί!$H$2:$H$998) -> 22.58 | E43: =Ref!$B$2*$B43 -> 479.2 | F43: =Ref!$B$3*$C43 -> 662.24 | G43: =Ref!$B$4*$D43 -> 203.22 | H43: =SUM($E43:$G43) -> 1344.66 | I43: gr | J43: 1150
A44: {=IFERROR(INDEX(Συνδυασμοί!$B$2:$B$998, MATCH(0,COUNTIF($A$1:$A43, Συνδυασμοί!$B$2:$B$998),0)),"")} -> Μπιφτέκια στον Αχνό | B44: =SUMIF(Συνδυασμοί!$B$2:$B$998,$A44,Συνδυασμοί!$F$2:$F$998) -> 153 | C44: =SUMIF(Συνδυασμοί!$B$2:$B$998,$A44,Συνδυασμοί!$G$2:$G$998) -> 35.1 | D44: =SUMIF(Συνδυασμοί!$B$2:$B$998,$A44,Συνδυασμοί!$H$2:$H$998) -> 69.96 | E44: =Ref!$B$2*$B44 -> 612 | F44: =Ref!$B$3*$C44 -> 140.4 | G44: =Ref!$B$4*$D44 -> 629.64 | H44: =SUM($E44:$G44) -> 1382.04 | I44: pc | J44: 11
A45: {=IFERROR(INDEX(Συνδυασμοί!$B$2:$B$998, MATCH(0,COUNTIF($A$1:$A44, Συνδυασμοί!$B$2:$B$998),0)),"")} -> Μουτζέντρα | B45: =SUMIF(Συνδυασμοί!$B$2:$B$998,$A45,Συνδυασμοί!$F$2:$F$998) -> 105.5 | C45: =SUMIF(Συνδυασμοί!$B$2:$B$998,$A45,Συνδυασμοί!$G$2:$G$998) -> 470.3 | D45: =SUMIF(Συνδυασμοί!$B$2:$B$998,$A45,Συνδυασμοί!$H$2:$H$998) -> 62.28 | E45: =Ref!$B$2*$B45 -> 422 | F45: =Ref!$B$3*$C45 -> 1881.2 | G45: =Ref!$B$4*$D45 -> 560.52 | H45: =SUM($E45:$G45) -> 2863.72 | I45: gr | J45: 2000
A46: {=IFERROR(INDEX(Συνδυασμοί!$B$2:$B$998, MATCH(0,COUNTIF($A$1:$A45, Συνδυασμοί!$B$2:$B$998),0)),"")} -> Γλυκόξινο Κοτόπουλο | B46: =SUMIF(Συνδυασμοί!$B$2:$B$998,$A46,Συνδυασμοί!$F$2:$F$998) -> 427.26 | C46: =SUMIF(Συνδυασμοί!$B$2:$B$998,$A46,Συνδυασμοί!$G$2:$G$998) -> 199.89 | D46: =SUMIF(Συνδυασμοί!$B$2:$B$998,$A46,Συνδυασμοί!$H$2:$H$998) -> 179.42 | E46: =Ref!$B$2*$B46 -> 1709.04 | F46: =Ref!$B$3*$C46 -> 799.56 | G46: =Ref!$B$4*$D46 -> 1614.78 | H46: =SUM($E46:$G46) -> 4123.38 | I46: gr | J46: 9
A47: {=IFERROR(INDEX(Συνδυασμοί!$B$2:$B$998, MATCH(0,COUNTIF($A$1:$A46, Συνδυασμοί!$B$2:$B$998),0)),"")} -> Ρυζόγαλο | B47: =SUMIF(Συνδυασμοί!$B$2:$B$998,$A47,Συνδυασμοί!$F$2:$F$998) -> 21.9 | C47: =SUMIF(Συνδυασμοί!$B$2:$B$998,$A47,Συνδυασμοί!$G$2:$G$998) -> 159 | D47: =SUMIF(Συνδυασμοί!$B$2:$B$998,$A47,Συνδυασμοί!$H$2:$H$998) -> 9.5 | E47: =Ref!$B$2*$B47 -> 87.6 | F47: =Ref!$B$3*$C47 -> 636 | G47: =Ref!$B$4*$D47 -> 85.5 | H47: =SUM($E47:$G47) -> 809.1 | I47: pc | J47: 6
A48: {=IFERROR(INDEX(Συνδυασμοί!$B$2:$B$998, MATCH(0,COUNTIF($A$1:$A47, Συνδυασμοί!$B$2:$B$998),0)),"")} -> Αγκινάρες με Κουκιά | B48: =SUMIF(Συνδυασμοί!$B$2:$B$998,$A48,Συνδυασμοί!$F$2:$F$998) -> 61.2 | C48: =SUMIF(Συνδυασμοί!$B$2:$B$998,$A48,Συνδυασμοί!$G$2:$G$998) -> 183.98 | D48: =SUMIF(Συνδυασμοί!$B$2:$B$998,$A48,Συνδυασμοί!$H$2:$H$998) -> 135.76 | E48: =Ref!$B$2*$B48 -> 244.8 | F48: =Ref!$B$3*$C48 -> 735.92 | G48: =Ref!$B$4*$D48 -> 1221.84 | H48: =SUM($E48:$G48) -> 2202.56 | I48: gr | J48: 6
A49: {=IFERROR(INDEX(Συνδυασμοί!$B$2:$B$998, MATCH(0,COUNTIF($A$1:$A48, Συνδυασμοί!$B$2:$B$998),0)),"")} -> Κουνουπίδι Κριθαράκι | B49: =SUMIF(Συνδυασμοί!$B$2:$B$998,$A49,Συνδυασμοί!$F$2:$F$998) -> 56.8 | C49: =SUMIF(Συνδυασμοί!$B$2:$B$998,$A49,Συνδυασμοί!$G$2:$G$998) -> 252.55 | D49: =SUMIF(Συνδυασμοί!$B$2:$B$998,$A49,Συνδυασμοί!$H$2:$H$998) -> 93.32 | E49: =Ref!$B$2*$B49 -> 227.2 | F49: =Ref!$B$3*$C49 -> 1010.2 | G49: =Ref!$B$4*$D49 -> 839.88 | H49: =SUM($E49:$G49) -> 2077.28 | I49: pc | J49: 6
... A70: {=IFERROR(INDEX(Συνδυασμοί!$B$2:$B$998, MATCH(0,COUNTIF($A$1:$A69, Συνδυασμοί!$B$2:$B$998),0)),"")} -> Μουσακάς | B70: =SUMIF(Συνδυασμοί!$B$2:$B$998,$A70,Συνδυασμοί!$F$2:$F$998) -> 448.25 | C70: =SUMIF(Συνδυασμοί!$B$2:$B$998,$A70,Συνδυασμοί!$G$2:$G$998) -> 510.9 | D70: =SUMIF(Συνδυασμοί!$B$2:$B$998,$A70,Συνδυασμοί!$H$2:$H$998) -> 424.195 | E70: =Ref!$B$2*$B70 -> 1793 | F70: =Ref!$B$3*$C70 -> 2043.6 | G70: =Ref!$B$4*$D70 -> 3817.755 | H70: =SUM($E70:$G70) -> 7654.355 | I70: pc | J70: 12
A71: {=IFERROR(INDEX(Συνδυασμοί!$B$2:$B$998, MATCH(0,COUNTIF($A$1:$A70, Συνδυασμοί!$B$2:$B$998),0)),"")} -> Λαχανόρυζο Τατιάνας | B71: =SUMIF(Συνδυασμοί!$B$2:$B$998,$A71,Συνδυασμοί!$F$2:$F$998) -> 142.87 | C71: =SUMIF(Συνδυασμοί!$B$2:$B$998,$A71,Συνδυασμοί!$G$2:$G$998) -> 206.35 | D71: =SUMIF(Συνδυασμοί!$B$2:$B$998,$A71,Συνδυασμοί!$H$2:$H$998) -> 88.2 | E71: =Ref!$B$2*$B71 -> 571.48 | F71: =Ref!$B$3*$C71 -> 825.4 | G71: =Ref!$B$4*$D71 -> 793.8 | H71: =SUM($E71:$G71) -> 2190.68 | I71: gr | J71: 2200 | L71: =100*E71/H71 -> 26.086877 | M71: =100*F71/H71 -> 37.677799 | N71: =100*G71/H71 -> 36.235324
A72: {=IFERROR(INDEX(Συνδυασμοί!$B$2:$B$998, MATCH(0,COUNTIF($A$1:$A71, Συνδυασμοί!$B$2:$B$998),0)),"")} -> Χοιρινό Πρασοσέλινο | B72: =SUMIF(Συνδυασμοί!$B$2:$B$998,$A72,Συνδυασμοί!$F$2:$F$998) -> 240.53 | C72: =SUMIF(Συνδυασμοί!$B$2:$B$998,$A72,Συνδυασμοί!$G$2:$G$998) -> 118.71 | D72: =SUMIF(Συνδυασμοί!$B$2:$B$998,$A72,Συνδυασμοί!$H$2:$H$998) -> 181.21 | E72: =Ref!$B$2*$B72 -> 962.12 | F72: =Ref!$B$3*$C72 -> 474.84 | G72: =Ref!$B$4*$D72 -> 1630.89 | H72: =SUM($E72:$G72) -> 3067.85 | I72: gr | J72: 2100 | L72: =100*E72/H72 -> 31.361377 | M72: =100*F72/H72 -> 15.477941 | N72: =100*G72/H72 -> 53.160683
A73: {=IFERROR(INDEX(Συνδυασμοί!$B$2:$B$998, MATCH(0,COUNTIF($A$1:$A72, Συνδυασμοί!$B$2:$B$998),0)),"")} -> Φακή Αλέκου | B73: =SUMIF(Συνδυασμοί!$B$2:$B$998,$A73,Συνδυασμοί!$F$2:$F$998) -> 137.95 | C73: =SUMIF(Συνδυασμοί!$B$2:$B$998,$A73,Συνδυασμοί!$G$2:$G$998) -> 354.9 | D73: =SUMIF(Συνδυασμοί!$B$2:$B$998,$A73,Συνδυασμοί!$H$2:$H$998) -> 53.55 | E73: =Ref!$B$2*$B73 -> 551.8 | F73: =Ref!$B$3*$C73 -> 1419.6 | G73: =Ref!$B$4*$D73 -> 481.95 | H73: =SUM($E73:$G73) -> 2453.35 | I73: gr | J73: 2500 | L73: =100*E73/H73 -> 22.491695 | M73: =100*F73/H73 -> 57.863737 | N73: =100*G73/H73 -> 19.644568
A74: {=IFERROR(INDEX(Συνδυασμοί!$B$2:$B$998, MATCH(0,COUNTIF($A$1:$A73, Συνδυασμοί!$B$2:$B$998),0)),"")} -> Πρασοκιμάς | B74: =SUMIF(Συνδυασμοί!$B$2:$B$998,$A74,Συνδυασμοί!$F$2:$F$998) -> 135.29 | C74: =SUMIF(Συνδυασμοί!$B$2:$B$998,$A74,Συνδυασμοί!$G$2:$G$998) -> 126.11 | D74: =SUMIF(Συνδυασμοί!$B$2:$B$998,$A74,Συνδυασμοί!$H$2:$H$998) -> 89.66 | E74: =Ref!$B$2*$B74 -> 541.16 | F74: =Ref!$B$3*$C74 -> 504.44 | G74: =Ref!$B$4*$D74 -> 806.94 | H74: =SUM($E74:$G74) -> 1852.54 | I74: gr | J74: 1400
A75: {=IFERROR(INDEX(Συνδυασμοί!$B$2:$B$998, MATCH(0,COUNTIF($A$1:$A74, Συνδυασμοί!$B$2:$B$998),0)),"")} -> Ρολό Κιμά | B75: =SUMIF(Συνδυασμοί!$B$2:$B$998,$A75,Συνδυασμοί!$F$2:$F$998) -> 448.35 | C75: =SUMIF(Συνδυασμοί!$B$2:$B$998,$A75,Συνδυασμοί!$G$2:$G$998) -> 126.95 | D75: =SUMIF(Συνδυασμοί!$B$2:$B$998,$A75,Συνδυασμοί!$H$2:$H$998) -> 213.975 | E75: =Ref!$B$2*$B75 -> 1793.4 | F75: =Ref!$B$3*$C75 -> 507.8 | G75: =Ref!$B$4*$D75 -> 1925.775 | H75: =SUM($E75:$G75) -> 4226.975 | I75: pc | J75: 17
A76: {=IFERROR(INDEX(Συνδυασμοί!$B$2:$B$998, MATCH(0,COUNTIF($A$1:$A75, Συνδυασμοί!$B$2:$B$998),0)),"")} -> Κοτόπουλο Λαχανικά | B76: =SUMIF(Συνδυασμοί!$B$2:$B$998,$A76,Συνδυασμοί!$F$2:$F$998) -> 484.525 | C76: =SUMIF(Συνδυασμοί!$B$2:$B$998,$A76,Συνδυασμοί!$G$2:$G$998) -> 68.575 | D76: =SUMIF(Συνδυασμοί!$B$2:$B$998,$A76,Συνδυασμοί!$H$2:$H$998) -> 170.4 | E76: =Ref!$B$2*$B76 -> 1938.1 | F76: =Ref!$B$3*$C76 -> 274.3 | G76: =Ref!$B$4*$D76 -> 1533.6 | H76: =SUM($E76:$G76) -> 3746 | I76: pc | J76: 6
A77: {=IFERROR(INDEX(Συνδυασμοί!$B$2:$B$998, MATCH(0,COUNTIF($A$1:$A76, Συνδυασμοί!$B$2:$B$998),0)),"")} -> Σάλτσα Vitello Tonnato Light | B77: =SUMIF(Συνδυασμοί!$B$2:$B$998,$A77,Συνδυασμοί!$F$2:$F$998) -> 66.6 | C77: =SUMIF(Συνδυασμοί!$B$2:$B$998,$A77,Συνδυασμοί!$G$2:$G$998) -> 7.32 | D77: =SUMIF(Συνδυασμοί!$B$2:$B$998,$A77,Συνδυασμοί!$H$2:$H$998) -> 26.53 | E77: =Ref!$B$2*$B77 -> 266.4 | F77: =Ref!$B$3*$C77 -> 29.28 | G77: =Ref!$B$4*$D77 -> 238.77 | H77: =SUM($E77:$G77) -> 534.45 | I77: gr | J77: 400
A78: {=IFERROR(INDEX(Συνδυασμοί!$B$2:$B$998, MATCH(0,COUNTIF($A$1:$A77, Συνδυασμοί!$B$2:$B$998),0)),"")} -> Χούμους | B78: =SUMIF(Συνδυασμοί!$B$2:$B$998,$A78,Συνδυασμοί!$F$2:$F$998) -> 72.5 | C78: =SUMIF(Συνδυασμοί!$B$2:$B$998,$A78,Συνδυασμοί!$G$2:$G$998) -> 154.2 | D78: =SUMIF(Συνδυασμοί!$B$2:$B$998,$A78,Συνδυασμοί!$H$2:$H$998) -> 75 | E78: =Ref!$B$2*$B78 -> 290 | F78: =Ref!$B$3*$C78 -> 616.8 | G78: =Ref!$B$4*$D78 -> 675 | H78: =SUM($E78:$G78) -> 1581.8 | I78: gr | J78: 940
A79: {=IFERROR(INDEX(Συνδυασμοί!$B$2:$B$998, MATCH(0,COUNTIF($A$1:$A78, Συνδυασμοί!$B$2:$B$998),0)),"")} -> Μπιφτέκια Μοσχαρίσια Αφράτα | B79: =SUMIF(Συνδυασμοί!$B$2:$B$998,$A79,Συνδυασμοί!$F$2:$F$998) -> 166.85 | C79: =SUMIF(Συνδυασμοί!$B$2:$B$998,$A79,Συνδυασμοί!$G$2:$G$998) -> 112.95 | D79: =SUMIF(Συνδυασμοί!$B$2:$B$998,$A79,Συνδυασμοί!$H$2:$H$998) -> 78.01 | E79: =Ref!$B$2*$B79 -> 667.4 | F79: =Ref!$B$3*$C79 -> 451.8 | G79: =Ref!$B$4*$D79 -> 702.09 | H79: =SUM($E79:$G79) -> 1821.29 | I79: gr | J79: 1100 | K79: 11
A80: {=IFERROR(INDEX(Συνδυασμοί!$B$2:$B$998, MATCH(0,COUNTIF($A$1:$A79, Συνδυασμοί!$B$2:$B$998),0)),"")} -> Τυρόπιτα Cottage | B80: =SUMIF(Συνδυασμοί!$B$2:$B$998,$A80,Συνδυασμοί!$F$2:$F$998) -> 134.28 | C80: =SUMIF(Συνδυασμοί!$B$2:$B$998,$A80,Συνδυασμοί!$G$2:$G$998) -> 162.58 | D80: =SUMIF(Συνδυασμοί!$B$2:$B$998,$A80,Συνδυασμοί!$H$2:$H$998) -> 109.3 | E80: =Ref!$B$2*$B80 -> 537.12 | F80: =Ref!$B$3*$C80 -> 650.32 | G80: =Ref!$B$4*$D80 -> 983.7 | H80: =SUM($E80:$G80) -> 2171.14 | I80: pc | J80: 12
A81: {=IFERROR(INDEX(Συνδυασμοί!$B$2:$B$998, MATCH(0,COUNTIF($A$1:$A80, Συνδυασμοί!$B$2:$B$998),0)),"")} -> Σπανακόπιτα Light Τατ | B81: =SUMIF(Συνδυασμοί!$B$2:$B$998,$A81,Συνδυασμοί!$F$2:$F$998) -> 149.82 | C81: =SUMIF(Συνδυασμοί!$B$2:$B$998,$A81,Συνδυασμοί!$G$2:$G$998) -> 362.94 | D81: =SUMIF(Συνδυασμοί!$B$2:$B$998,$A81,Συνδυασμοί!$H$2:$H$998) -> 161.63 | E81: =Ref!$B$2*$B81 -> 599.28 | F81: =Ref!$B$3*$C81 -> 1451.76 | G81: =Ref!$B$4*$D81 -> 1454.67 | H81: =SUM($E81:$G81) -> 3505.71 | I81: pc | J81: 20
A82: {=IFERROR(INDEX(Συνδυασμοί!$B$2:$B$998, MATCH(0,COUNTIF($A$1:$A81, Συνδυασμοί!$B$2:$B$998),0)),"")} -> 0
A83: {=IFERROR(INDEX(Συνδυασμοί!$B$2:$B$998, MATCH(0,COUNTIF($A$1:$A82, Συνδυασμοί!$B$2:$B$998),0)),"")}
A84: {=IFERROR(INDEX(Συνδυασμοί!$B$2:$B$998, MATCH(0,COUNTIF($A$1:$A83, Συνδυασμοί!$B$2:$B$998),0)),"")}
A85: {=IFERROR(INDEX(Συνδυασμοί!$B$2:$B$998, MATCH(0,COUNTIF($A$1:$A84, Συνδυασμοί!$B$2:$B$998),0)),"")}
A86: {=IFERROR(INDEX(Συνδυασμοί!$B$2:$B$998, MATCH(0,COUNTIF($A$1:$A85, Συνδυασμοί!$B$2:$B$998),0)),"")}
A87: {=IFERROR(INDEX(Συνδυασμοί!$B$2:$B$998, MATCH(0,COUNTIF($A$1:$A86, Συνδυασμοί!$B$2:$B$998),0)),"")}
A88: {=IFERROR(INDEX(Συνδυασμοί!$B$2:$B$998, MATCH(0,COUNTIF($A$1:$A87, Συνδυασμοί!$B$2:$B$998),0)),"")}
A89: {=IFERROR(INDEX(Συνδυασμοί!$B$2:$B$998, MATCH(0,COUNTIF($A$1:$A88, Συνδυασμοί!$B$2:$B$998),0)),"")}
A90: {=IFERROR(INDEX(Συνδυασμοί!$B$2:$B$998, MATCH(0,COUNTIF($A$1:$A89, Συνδυασμοί!$B$2:$B$998),0)),"")}
A91: {=IFERROR(INDEX(Συνδυασμοί!$B$2:$B$998, MATCH(0,COUNTIF($A$1:$A90, Συνδυασμοί!$B$2:$B$998),0)),"")}
A92: {=IFERROR(INDEX(Συνδυασμοί!$B$2:$B$998, MATCH(0,COUNTIF($A$1:$A91, Συνδυασμοί!$B$2:$B$998),0)),"")}
A93: {=IFERROR(INDEX(Συνδυασμοί!$B$2:$B$998, MATCH(0,COUNTIF($A$1:$A92, Συνδυασμοί!$B$2:$B$998),0)),"")}
... A100: {=IFERROR(INDEX(Συνδυασμοί!$B$2:$B$998, MATCH(0,COUNTIF($A$1:$A99, Συνδυασμοί!$B$2:$B$998),0)),"")}

Sheet Γεύματα
A1: Ημέρα | B1: Ώρα | C1: Συνδυασμός | D1: Υλικό | E1: Μονάδα | F1: Index | G1: Ποσότητα | H1: Πρωτεΐνες g | I1: Υδατάνθρακες g | J1: Λίπη g | K1: Kcal Prote | L1: Kcal Carb | M1: Kcal Fat | N1: Kcal Extra | O1: Θερμίδες | P1: Σχόλιο
A2: 43668 | B2: 0.39583333 | C2: Πρωινό Γάλα-Τοστ | E2: =IF(C2<>"",INDEX(ΣυνδΑθρ!$I$2:$I$96,MATCH(C2,ΣυνδΑθρ!$A$2:$A$100,0),1),IF(D2<>"",INDEX(Υλικά!$D$3:$D$140,MATCH(D2,Υλικά!$B$3:$B$140,0),1),"")) -> pc | F2: =IF(C2<>"",MATCH($C2,ΣυνδΑθρ!$A$2:$A$100,0),IF(D2<>"",MATCH($D2,Υλικά!$B$3:$B$130,0),0)) -> 3 | G2: 1 | H2: =IF($C2<>"",$G2*INDEX(ΣυνδΑθρ!$B$2:$B$96,$F2,1)/INDEX(ΣυνδΑθρ!$J$2:$J$96,$F2,1),IF($D2<>"",$G2*INDEX(Υλικά!$G$3:$G$130,$F2,1)/INDEX(Υλικά!$E$3:$E$130,$F2,1),0)) -> 23.3 | I2: =IF($C2<>"",$G2*INDEX(ΣυνδΑθρ!$C$2:$C$100,$F2,1)/INDEX(ΣυνδΑθρ!$J$2:$J$96,$F2,1),IF($D2<>"",$G2*INDEX(Υλικά!$H$3:$H$130,$F2,1)/INDEX(Υλικά!$E$3:$E$130,$F2,1),0)) -> 36.5 | J2: =IF($C2<>"",$G2*INDEX(ΣυνδΑθρ!$D$2:$D$96,$F2,1)/INDEX(ΣυνδΑθρ!$J$2:$J$96,$F2,1),IF($D2<>"",$G2*INDEX(Υλικά!$I$3:$I$130,$F2,1)/INDEX(Υλικά!$E$3:$E$130,$F2,1),0)) -> 11.6 | K2: =$H2*Ref!$B$2 -> 93.2 | L2: =$I2*Ref!$B$3 -> 146 | M2: =$J2*Ref!$B$4 -> 104.4 | N2: =IF($C2<>"",0,IF($D2<>"",$G2*INDEX(Υλικά!$J$3:$J$130,$F2,1)/INDEX(Υλικά!$E$3:$E$130,$F2,1),0)) -> 0 | O2: =SUM(K2:N2) -> 343.6
A3: 43668 | B3: 0.52083333 | D3: Γαλοπούλα Καπνιστή CretaFarm | E3: =IF(C3<>"",INDEX(ΣυνδΑθρ!$I$2:$I$96,MATCH(C3,ΣυνδΑθρ!$A$2:$A$100,0),1),IF(D3<>"",INDEX(Υλικά!$D$3:$D$140,MATCH(D3,Υλικά!$B$3:$B$140,0),1),"")) -> slc | F3: =IF(C3<>"",MATCH($C3,ΣυνδΑθρ!$A$2:$A$100,0),IF(D3<>"",MATCH($D3,Υλικά!$B$3:$B$130,0),0)) -> 7 | G3: 1 | H3: =IF($C3<>"",$G3*INDEX(ΣυνδΑθρ!$B$2:$B$96,$F3,1)/INDEX(ΣυνδΑθρ!$J$2:$J$96,$F3,1),IF($D3<>"",$G3*INDEX(Υλικά!$G$3:$G$130,$F3,1)/INDEX(Υλικά!$E$3:$E$130,$F3,1),0)) -> 2.8 | I3: =IF($C3<>"",$G3*INDEX(ΣυνδΑθρ!$C$2:$C$100,$F3,1)/INDEX(ΣυνδΑθρ!$J$2:$J$96,$F3,1),IF($D3<>"",$G3*INDEX(Υλικά!$H$3:$H$130,$F3,1)/INDEX(Υλικά!$E$3:$E$130,$F3,1),0)) -> 0.8 | J3: =IF($C3<>"",$G3*INDEX(ΣυνδΑθρ!$D$2:$D$96,$F3,1)/INDEX(ΣυνδΑθρ!$J$2:$J$96,$F3,1),IF($D3<>"",$G3*INDEX(Υλικά!$I$3:$I$130,$F3,1)/INDEX(Υλικά!$E$3:$E$130,$F3,1),0)) -> 0.4 | K3: =$H3*Ref!$B$2 -> 11.2 | L3: =$I3*Ref!$B$3 -> 3.2 | M3: =$J3*Ref!$B$4 -> 3.6 | N3: =IF($C3<>"",0,IF($D3<>"",$G3*INDEX(Υλικά!$J$3:$J$130,$F3,1)/INDEX(Υλικά!$E$3:$E$130,$F3,1),0)) -> 0 | O3: =SUM(K3:N3) -> 18
A4: 43668 | B4: 0.66666667 | C4: Μοσχάρι με Πιπεριές Πιλάφι | E4: =IF(C4<>"",INDEX(ΣυνδΑθρ!$I$2:$I$96,MATCH(C4,ΣυνδΑθρ!$A$2:$A$100,0),1),IF(D4<>"",INDEX(Υλικά!$D$3:$D$140,MATCH(D4,Υλικά!$B$3:$B$140,0),1),"")) -> gr | F4: =IF(C4<>"",MATCH($C4,ΣυνδΑθρ!$A$2:$A$100,0),IF(D4<>"",MATCH($D4,Υλικά!$B$3:$B$130,0),0)) -> 6 | G4: 350 | H4: =IF($C4<>"",$G4*INDEX(ΣυνδΑθρ!$B$2:$B$96,$F4,1)/INDEX(ΣυνδΑθρ!$J$2:$J$96,$F4,1),IF($D4<>"",$G4*INDEX(Υλικά!$G$3:$G$130,$F4,1)/INDEX(Υλικά!$E$3:$E$130,$F4,1),0)) -> 31.71 | I4: =IF($C4<>"",$G4*INDEX(ΣυνδΑθρ!$C$2:$C$100,$F4,1)/INDEX(ΣυνδΑθρ!$J$2:$J$96,$F4,1),IF($D4<>"",$G4*INDEX(Υλικά!$H$3:$H$130,$F4,1)/INDEX(Υλικά!$E$3:$E$130,$F4,1),0)) -> 27.813333 | J4: =IF($C4<>"",$G4*INDEX(ΣυνδΑθρ!$D$2:$D$96,$F4,1)/INDEX(ΣυνδΑθρ!$J$2:$J$96,$F4,1),IF($D4<>"",$G4*INDEX(Υλικά!$I$3:$I$130,$F4,1)/INDEX(Υλικά!$E$3:$E$130,$F4,1),0)) -> 15.223056 | K4: =$H4*Ref!$B$2 -> 126.84 | L4: =$I4*Ref!$B$3 -> 111.25333 | M4: =$J4*Ref!$B$4 -> 137.0075 | N4: =IF($C4<>"",0,IF($D4<>"",$G4*INDEX(Υλικά!$J$3:$J$130,$F4,1)/INDEX(Υλικά!$E$3:$E$130,$F4,1),0)) -> 0 | O4: =SUM(K4:N4) -> 375.10083 | Q4: =COUNTIF(ΣυνδΑθρ!$A:$A,"?*") -> 81
A5: 43668 | B5: 0.8125 | D5: Μπισκότα McVities Club Orange | E5: =IF(C5<>"",INDEX(ΣυνδΑθρ!$I$2:$I$96,MATCH(C5,ΣυνδΑθρ!$A$2:$A$100,0),1),IF(D5<>"",INDEX(Υλικά!$D$3:$D$140,MATCH(D5,Υλικά!$B$3:$B$140,0),1),"")) -> pc | F5: =IF(C5<>"",MATCH($C5,ΣυνδΑθρ!$A$2:$A$100,0),IF(D5<>"",MATCH($D5,Υλικά!$B$3:$B$130,0),0)) -> 27 | G5: 1 | H5: =IF($C5<>"",$G5*INDEX(ΣυνδΑθρ!$B$2:$B$96,$F5,1)/INDEX(ΣυνδΑθρ!$J$2:$J$96,$F5,1),IF($D5<>"",$G5*INDEX(Υλικά!$G$3:$G$130,$F5,1)/INDEX(Υλικά!$E$3:$E$130,$F5,1),0)) -> 1.3 | I5: =IF($C5<>"",$G5*INDEX(ΣυνδΑθρ!$C$2:$C$100,$F5,1)/INDEX(ΣυνδΑθρ!$J$2:$J$96,$F5,1),IF($D5<>"",$G5*INDEX(Υλικά!$H$3:$H$130,$F5,1)/INDEX(Υλικά!$E$3:$E$130,$F5,1),0)) -> 13.8 | J5: =IF($C5<>"",$G5*INDEX(ΣυνδΑθρ!$D$2:$D$96,$F5,1)/INDEX(ΣυνδΑθρ!$J$2:$J$96,$F5,1),IF($D5<>"",$G5*INDEX(Υλικά!$I$3:$I$130,$F5,1)/INDEX(Υλικά!$E$3:$E$130,$F5,1),0)) -> 6 | K5: =$H5*Ref!$B$2 -> 5.2 | L5: =$I5*Ref!$B$3 -> 55.2 | M5: =$J5*Ref!$B$4 -> 54 | N5: =IF($C5<>"",0,IF($D5<>"",$G5*INDEX(Υλικά!$J$3:$J$130,$F5,1)/INDEX(Υλικά!$E$3:$E$130,$F5,1),0)) -> 0 | O5: =SUM(K5:N5) -> 114.4
A6: 43668 | B6: 0.88541667 | D6: Φυστίκια Αράπικα Μικρές Φάρμες | E6: =IF(C6<>"",INDEX(ΣυνδΑθρ!$I$2:$I$96,MATCH(C6,ΣυνδΑθρ!$A$2:$A$100,0),1),IF(D6<>"",INDEX(Υλικά!$D$3:$D$140,MATCH(D6,Υλικά!$B$3:$B$140,0),1),"")) -> gr | F6: =IF(C6<>"",MATCH($C6,ΣυνδΑθρ!$A$2:$A$100,0),IF(D6<>"",MATCH($D6,Υλικά!$B$3:$B$130,0),0)) -> 24 | G6: 6 | H6: =IF($C6<>"",$G6*INDEX(ΣυνδΑθρ!$B$2:$B$96,$F6,1)/INDEX(ΣυνδΑθρ!$J$2:$J$96,$F6,1),IF($D6<>"",$G6*INDEX(Υλικά!$G$3:$G$130,$F6,1)/INDEX(Υλικά!$E$3:$E$130,$F6,1),0)) -> 1.422 | I6: =IF($C6<>"",$G6*INDEX(ΣυνδΑθρ!$C$2:$C$100,$F6,1)/INDEX(ΣυνδΑθρ!$J$2:$J$96,$F6,1),IF($D6<>"",$G6*INDEX(Υλικά!$H$3:$H$130,$F6,1)/INDEX(Υλικά!$E$3:$E$130,$F6,1),0)) -> 1.29 | J6: =IF($C6<>"",$G6*INDEX(ΣυνδΑθρ!$D$2:$D$96,$F6,1)/INDEX(ΣυνδΑθρ!$J$2:$J$96,$F6,1),IF($D6<>"",$G6*INDEX(Υλικά!$I$3:$I$130,$F6,1)/INDEX(Υλικά!$E$3:$E$130,$F6,1),0)) -> 2.982 | K6: =$H6*Ref!$B$2 -> 5.688 | L6: =$I6*Ref!$B$3 -> 5.16 | M6: =$J6*Ref!$B$4 -> 26.838 | N6: =IF($C6<>"",0,IF($D6<>"",$G6*INDEX(Υλικά!$J$3:$J$130,$F6,1)/INDEX(Υλικά!$E$3:$E$130,$F6,1),0)) -> 0 | O6: =SUM(K6:N6) -> 37.686
A7: 43668 | B7: 0.92708333 | D7: Γιαούρτι Όλυμπος 2% | E7: =IF(C7<>"",INDEX(ΣυνδΑθρ!$I$2:$I$96,MATCH(C7,ΣυνδΑθρ!$A$2:$A$100,0),1),IF(D7<>"",INDEX(Υλικά!$D$3:$D$140,MATCH(D7,Υλικά!$B$3:$B$140,0),1),"")) -> gr | F7: =IF(C7<>"",MATCH($C7,ΣυνδΑθρ!$A$2:$A$100,0),IF(D7<>"",MATCH($D7,Υλικά!$B$3:$B$130,0),0)) -> 14 | G7: 200 | H7: =IF($C7<>"",$G7*INDEX(ΣυνδΑθρ!$B$2:$B$96,$F7,1)/INDEX(ΣυνδΑθρ!$J$2:$J$96,$F7,1),IF($D7<>"",$G7*INDEX(Υλικά!$G$3:$G$130,$F7,1)/INDEX(Υλικά!$E$3:$E$130,$F7,1),0)) -> 16 | I7: =IF($C7<>"",$G7*INDEX(ΣυνδΑθρ!$C$2:$C$100,$F7,1)/INDEX(ΣυνδΑθρ!$J$2:$J$96,$F7,1),IF($D7<>"",$G7*INDEX(Υλικά!$H$3:$H$130,$F7,1)/INDEX(Υλικά!$E$3:$E$130,$F7,1),0)) -> 8 | J7: =IF($C7<>"",$G7*INDEX(ΣυνδΑθρ!$D$2:$D$96,$F7,1)/INDEX(ΣυνδΑθρ!$J$2:$J$96,$F7,1),IF($D7<>"",$G7*INDEX(Υλικά!$I$3:$I$130,$F7,1)/INDEX(Υλικά!$E$3:$E$130,$F7,1),0)) -> 4 | K7: =$H7*Ref!$B$2 -> 64 | L7: =$I7*Ref!$B$3 -> 32 | M7: =$J7*Ref!$B$4 -> 36 | N7: =IF($C7<>"",0,IF($D7<>"",$G7*INDEX(Υλικά!$J$3:$J$130,$F7,1)/INDEX(Υλικά!$E$3:$E$130,$F7,1),0)) -> 0 | O7: =SUM(K7:N7) -> 132
A8: 43668 | B8: 0.92708333 | D8: Ροδάκινο | E8: =IF(C8<>"",INDEX(ΣυνδΑθρ!$I$2:$I$96,MATCH(C8,ΣυνδΑθρ!$A$2:$A$100,0),1),IF(D8<>"",INDEX(Υλικά!$D$3:$D$140,MATCH(D8,Υλικά!$B$3:$B$140,0),1),"")) -> gr | F8: =IF(C8<>"",MATCH($C8,ΣυνδΑθρ!$A$2:$A$100,0),IF(D8<>"",MATCH($D8,Υλικά!$B$3:$B$130,0),0)) -> 29 | G8: 225 | H8: =IF($C8<>"",$G8*INDEX(ΣυνδΑθρ!$B$2:$B$96,$F8,1)/INDEX(ΣυνδΑθρ!$J$2:$J$96,$F8,1),IF($D8<>"",$G8*INDEX(Υλικά!$G$3:$G$130,$F8,1)/INDEX(Υλικά!$E$3:$E$130,$F8,1),0)) -> 0 | I8: =IF($C8<>"",$G8*INDEX(ΣυνδΑθρ!$C$2:$C$100,$F8,1)/INDEX(ΣυνδΑθρ!$J$2:$J$96,$F8,1),IF($D8<>"",$G8*INDEX(Υλικά!$H$3:$H$130,$F8,1)/INDEX(Υλικά!$E$3:$E$130,$F8,1),0)) -> 21.825 | J8: =IF($C8<>"",$G8*INDEX(ΣυνδΑθρ!$D$2:$D$96,$F8,1)/INDEX(ΣυνδΑθρ!$J$2:$J$96,$F8,1),IF($D8<>"",$G8*INDEX(Υλικά!$I$3:$I$130,$F8,1)/INDEX(Υλικά!$E$3:$E$130,$F8,1),0)) -> 0 | K8: =$H8*Ref!$B$2 -> 0 | L8: =$I8*Ref!$B$3 -> 87.3 | M8: =$J8*Ref!$B$4 -> 0 | N8: =IF($C8<>"",0,IF($D8<>"",$G8*INDEX(Υλικά!$J$3:$J$130,$F8,1)/INDEX(Υλικά!$E$3:$E$130,$F8,1),0)) -> 0 | O8: =SUM(K8:N8) -> 87.3
A9: 43668 | B9: 0.92708333 | D9: Νιφάδες Βρώμης Ολικής Quaker | E9: =IF(C9<>"",INDEX(ΣυνδΑθρ!$I$2:$I$96,MATCH(C9,ΣυνδΑθρ!$A$2:$A$100,0),1),IF(D9<>"",INDEX(Υλικά!$D$3:$D$140,MATCH(D9,Υλικά!$B$3:$B$140,0),1),"")) -> gr | F9: =IF(C9<>"",MATCH($C9,ΣυνδΑθρ!$A$2:$A$100,0),IF(D9<>"",MATCH($D9,Υλικά!$B$3:$B$130,0),0)) -> 28 | G9: 10 | H9: =IF($C9<>"",$G9*INDEX(ΣυνδΑθρ!$B$2:$B$96,$F9,1)/INDEX(ΣυνδΑθρ!$J$2:$J$96,$F9,1),IF($D9<>"",$G9*INDEX(Υλικά!$G$3:$G$130,$F9,1)/INDEX(Υλικά!$E$3:$E$130,$F9,1),0)) -> 1.1 | I9: =IF($C9<>"",$G9*INDEX(ΣυνδΑθρ!$C$2:$C$100,$F9,1)/INDEX(ΣυνδΑθρ!$J$2:$J$96,$F9,1),IF($D9<>"",$G9*INDEX(Υλικά!$H$3:$H$130,$F9,1)/INDEX(Υλικά!$E$3:$E$130,$F9,1),0)) -> 6 | J9: =IF($C9<>"",$G9*INDEX(ΣυνδΑθρ!$D$2:$D$96,$F9,1)/INDEX(ΣυνδΑθρ!$J$2:$J$96,$F9,1),IF($D9<>"",$G9*INDEX(Υλικά!$I$3:$I$130,$F9,1)/INDEX(Υλικά!$E$3:$E$130,$F9,1),0)) -> 0.8 | K9: =$H9*Ref!$B$2 -> 4.4 | L9: =$I9*Ref!$B$3 -> 24 | M9: =$J9*Ref!$B$4 -> 7.2 | N9: =IF($C9<>"",0,IF($D9<>"",$G9*INDEX(Υλικά!$J$3:$J$130,$F9,1)/INDEX(Υλικά!$E$3:$E$130,$F9,1),0)) -> 0 | O9: =SUM(K9:N9) -> 35.6
A10: 43669 | B10: 0.38541667 | C10: Πρωινό Γάλα-Τοστ | E10: =IF(C10<>"",INDEX(ΣυνδΑθρ!$I$2:$I$96,MATCH(C10,ΣυνδΑθρ!$A$2:$A$100,0),1),IF(D10<>"",INDEX(Υλικά!$D$3:$D$140,MATCH(D10,Υλικά!$B$3:$B$140,0),1),"")) -> pc | F10: =IF(C10<>"",MATCH($C10,ΣυνδΑθρ!$A$2:$A$100,0),IF(D10<>"",MATCH($D10,Υλικά!$B$3:$B$130,0),0)) -> 3 | G10: 1 | H10: =IF($C10<>"",$G10*INDEX(ΣυνδΑθρ!$B$2:$B$96,$F10,1)/INDEX(ΣυνδΑθρ!$J$2:$J$96,$F10,1),IF($D10<>"",$G10*INDEX(Υλικά!$G$3:$G$130,$F10,1)/INDEX(Υλικά!$E$3:$E$130,$F10,1),0)) -> 23.3 | I10: =IF($C10<>"",$G10*INDEX(ΣυνδΑθρ!$C$2:$C$100,$F10,1)/INDEX(ΣυνδΑθρ!$J$2:$J$96,$F10,1),IF($D10<>"",$G10*INDEX(Υλικά!$H$3:$H$130,$F10,1)/INDEX(Υλικά!$E$3:$E$130,$F10,1),0)) -> 36.5 | J10: =IF($C10<>"",$G10*INDEX(ΣυνδΑθρ!$D$2:$D$96,$F10,1)/INDEX(ΣυνδΑθρ!$J$2:$J$96,$F10,1),IF($D10<>"",$G10*INDEX(Υλικά!$I$3:$I$130,$F10,1)/INDEX(Υλικά!$E$3:$E$130,$F10,1),0)) -> 11.6 | K10: =$H10*Ref!$B$2 -> 93.2 | L10: =$I10*Ref!$B$3 -> 146 | M10: =$J10*Ref!$B$4 -> 104.4 | N10: =IF($C10<>"",0,IF($D10<>"",$G10*INDEX(Υλικά!$J$3:$J$130,$F10,1)/INDEX(Υλικά!$E$3:$E$130,$F10,1),0)) -> 0 | O10: =SUM(K10:N10) -> 343.6
A11: 43669 | B11: 0.5 | D11: Φυστίκια Αράπικα Μικρές Φάρμες | E11: =IF(C11<>"",INDEX(ΣυνδΑθρ!$I$2:$I$96,MATCH(C11,ΣυνδΑθρ!$A$2:$A$100,0),1),IF(D11<>"",INDEX(Υλικά!$D$3:$D$140,MATCH(D11,Υλικά!$B$3:$B$140,0),1),"")) -> gr | F11: =IF(C11<>"",MATCH($C11,ΣυνδΑθρ!$A$2:$A$100,0),IF(D11<>"",MATCH($D11,Υλικά!$B$3:$B$130,0),0)) -> 24 | G11: 10 | H11: =IF($C11<>"",$G11*INDEX(ΣυνδΑθρ!$B$2:$B$96,$F11,1)/INDEX(ΣυνδΑθρ!$J$2:$J$96,$F11,1),IF($D11<>"",$G11*INDEX(Υλικά!$G$3:$G$130,$F11,1)/INDEX(Υλικά!$E$3:$E$130,$F11,1),0)) -> 2.37 | I11: =IF($C11<>"",$G11*INDEX(ΣυνδΑθρ!$C$2:$C$100,$F11,1)/INDEX(ΣυνδΑθρ!$J$2:$J$96,$F11,1),IF($D11<>"",$G11*INDEX(Υλικά!$H$3:$H$130,$F11,1)/INDEX(Υλικά!$E$3:$E$130,$F11,1),0)) -> 2.15 | J11: =IF($C11<>"",$G11*INDEX(ΣυνδΑθρ!$D$2:$D$96,$F11,1)/INDEX(ΣυνδΑθρ!$J$2:$J$96,$F11,1),IF($D11<>"",$G11*INDEX(Υλικά!$I$3:$I$130,$F11,1)/INDEX(Υλικά!$E$3:$E$130,$F11,1),0)) -> 4.97 | K11: =$H11*Ref!$B$2 -> 9.48 | L11: =$I11*Ref!$B$3 -> 8.6 | M11: =$J11*Ref!$B$4 -> 44.73 | N11: =IF($C11<>"",0,IF($D11<>"",$G11*INDEX(Υλικά!$J$3:$J$130,$F11,1)/INDEX(Υλικά!$E$3:$E$130,$F11,1),0)) -> 0 | O11: =SUM(K11:N11) -> 62.81
A12: 43669 | B12: 0.60416667 | C12: Μοσχάρι με Πιπεριές Πιλάφι | E12: =IF(C12<>"",INDEX(ΣυνδΑθρ!$I$2:$I$96,MATCH(C12,ΣυνδΑθρ!$A$2:$A$100,0),1),IF(D12<>"",INDEX(Υλικά!$D$3:$D$140,MATCH(D12,Υλικά!$B$3:$B$140,0),1),"")) -> gr | F12: =IF(C12<>"",MATCH($C12,ΣυνδΑθρ!$A$2:$A$100,0),IF(D12<>"",MATCH($D12,Υλικά!$B$3:$B$130,0),0)) -> 6 | G12: 350 | H12: =IF($C12<>"",$G12*INDEX(ΣυνδΑθρ!$B$2:$B$96,$F12,1)/INDEX(ΣυνδΑθρ!$J$2:$J$96,$F12,1),IF($D12<>"",$G12*INDEX(Υλικά!$G$3:$G$130,$F12,1)/INDEX(Υλικά!$E$3:$E$130,$F12,1),0)) -> 31.71 | I12: =IF($C12<>"",$G12*INDEX(ΣυνδΑθρ!$C$2:$C$100,$F12,1)/INDEX(ΣυνδΑθρ!$J$2:$J$96,$F12,1),IF($D12<>"",$G12*INDEX(Υλικά!$H$3:$H$130,$F12,1)/INDEX(Υλικά!$E$3:$E$130,$F12,1),0)) -> 27.813333 | J12: =IF($C12<>"",$G12*INDEX(ΣυνδΑθρ!$D$2:$D$96,$F12,1)/INDEX(ΣυνδΑθρ!$J$2:$J$96,$F12,1),IF($D12<>"",$G12*INDEX(Υλικά!$I$3:$I$130,$F12,1)/INDEX(Υλικά!$E$3:$E$130,$F12,1),0)) -> 15.223056 | K12: =$H12*Ref!$B$2 -> 126.84 | L12: =$I12*Ref!$B$3 -> 111.25333 | M12: =$J12*Ref!$B$4 -> 137.0075 | N12: =IF($C12<>"",0,IF($D12<>"",$G12*INDEX(Υλικά!$J$3:$J$130,$F12,1)/INDEX(Υλικά!$E$3:$E$130,$F12,1),0)) -> 0 | O12: =SUM(K12:N12) -> 375.10083
A13: 43669 | B13: 0.60416667 | D13: Γαλοτύρι Ηπείρου ΑΒ | E13: =IF(C13<>"",INDEX(ΣυνδΑθρ!$I$2:$I$96,MATCH(C13,ΣυνδΑθρ!$A$2:$A$100,0),1),IF(D13<>"",INDEX(Υλικά!$D$3:$D$140,MATCH(D13,Υλικά!$B$3:$B$140,0),1),"")) -> gr | F13: =IF(C13<>"",MATCH($C13,ΣυνδΑθρ!$A$2:$A$100,0),IF(D13<>"",MATCH($D13,Υλικά!$B$3:$B$130,0),0)) -> 22 | G13: 50 | H13: =IF($C13<>"",$G13*INDEX(ΣυνδΑθρ!$B$2:$B$96,$F13,1)/INDEX(ΣυνδΑθρ!$J$2:$J$96,$F13,1),IF($D13<>"",$G13*INDEX(Υλικά!$G$3:$G$130,$F13,1)/INDEX(Υλικά!$E$3:$E$130,$F13,1),0)) -> 5.75 | I13: =IF($C13<>"",$G13*INDEX(ΣυνδΑθρ!$C$2:$C$100,$F13,1)/INDEX(ΣυνδΑθρ!$J$2:$J$96,$F13,1),IF($D13<>"",$G13*INDEX(Υλικά!$H$3:$H$130,$F13,1)/INDEX(Υλικά!$E$3:$E$130,$F13,1),0)) -> 0.7 | J13: =IF($C13<>"",$G13*INDEX(ΣυνδΑθρ!$D$2:$D$96,$F13,1)/INDEX(ΣυνδΑθρ!$J$2:$J$96,$F13,1),IF($D13<>"",$G13*INDEX(Υλικά!$I$3:$I$130,$F13,1)/INDEX(Υλικά!$E$3:$E$130,$F13,1),0)) -> 6.2 | K13: =$H13*Ref!$B$2 -> 23 | L13: =$I13*Ref!$B$3 -> 2.8 | M13: =$J13*Ref!$B$4 -> 55.8 | N13: =IF($C13<>"",0,IF($D13<>"",$G13*INDEX(Υλικά!$J$3:$J$130,$F13,1)/INDEX(Υλικά!$E$3:$E$130,$F13,1),0)) -> 0 | O13: =SUM(K13:N13) -> 81.6
A14: 43669 | B14: 0.60416667 | D14: Ρόκα | E14: =IF(C14<>"",INDEX(ΣυνδΑθρ!$I$2:$I$96,MATCH(C14,ΣυνδΑθρ!$A$2:$A$100,0),1),IF(D14<>"",INDEX(Υλικά!$D$3:$D$140,MATCH(D14,Υλικά!$B$3:$B$140,0),1),"")) -> gr | F14: =IF(C14<>"",MATCH($C14,ΣυνδΑθρ!$A$2:$A$100,0),IF(D14<>"",MATCH($D14,Υλικά!$B$3:$B$130,0),0)) -> 30 | G14: 50 | H14: =IF($C14<>"",$G14*INDEX(ΣυνδΑθρ!$B$2:$B$96,$F14,1)/INDEX(ΣυνδΑθρ!$J$2:$J$96,$F14,1),IF($D14<>"",$G14*INDEX(Υλικά!$G$3:$G$130,$F14,1)/INDEX(Υλικά!$E$3:$E$130,$F14,1),0)) -> 1.3 | I14: =IF($C14<>"",$G14*INDEX(ΣυνδΑθρ!$C$2:$C$100,$F14,1)/INDEX(ΣυνδΑθρ!$J$2:$J$96,$F14,1),IF($D14<>"",$G14*INDEX(Υλικά!$H$3:$H$130,$F14,1)/INDEX(Υλικά!$E$3:$E$130,$F14,1),0)) -> 1.05 | J14: =IF($C14<>"",$G14*INDEX(ΣυνδΑθρ!$D$2:$D$96,$F14,1)/INDEX(ΣυνδΑθρ!$J$2:$J$96,$F14,1),IF($D14<>"",$G14*INDEX(Υλικά!$I$3:$I$130,$F14,1)/INDEX(Υλικά!$E$3:$E$130,$F14,1),0)) -> 0.33 | K14: =$H14*Ref!$B$2 -> 5.2 | L14: =$I14*Ref!$B$3 -> 4.2 | M14: =$J14*Ref!$B$4 -> 2.97 | N14: =IF($C14<>"",0,IF($D14<>"",$G14*INDEX(Υλικά!$J$3:$J$130,$F14,1)/INDEX(Υλικά!$E$3:$E$130,$F14,1),0)) -> 0 | O14: =SUM(K14:N14) -> 12.37
A15: 43669 | B15: 0.72916667 | D15: Παστέλι με Φυστίκι | E15: =IF(C15<>"",INDEX(ΣυνδΑθρ!$I$2:$I$96,MATCH(C15,ΣυνδΑθρ!$A$2:$A$100,0),1),IF(D15<>"",INDEX(Υλικά!$D$3:$D$140,MATCH(D15,Υλικά!$B$3:$B$140,0),1),"")) -> gr | F15: =IF(C15<>"",MATCH($C15,ΣυνδΑθρ!$A$2:$A$100,0),IF(D15<>"",MATCH($D15,Υλικά!$B$3:$B$130,0),0)) -> 31 | G15: 25 | H15: =IF($C15<>"",$G15*INDEX(ΣυνδΑθρ!$B$2:$B$96,$F15,1)/INDEX(ΣυνδΑθρ!$J$2:$J$96,$F15,1),IF($D15<>"",$G15*INDEX(Υλικά!$G$3:$G$130,$F15,1)/INDEX(Υλικά!$E$3:$E$130,$F15,1),0)) -> 2.75 | I15: =IF($C15<>"",$G15*INDEX(ΣυνδΑθρ!$C$2:$C$100,$F15,1)/INDEX(ΣυνδΑθρ!$J$2:$J$96,$F15,1),IF($D15<>"",$G15*INDEX(Υλικά!$H$3:$H$130,$F15,1)/INDEX(Υλικά!$E$3:$E$130,$F15,1),0)) -> 8.5 | J15: =IF($C15<>"",$G15*INDEX(ΣυνδΑθρ!$D$2:$D$96,$F15,1)/INDEX(ΣυνδΑθρ!$J$2:$J$96,$F15,1),IF($D15<>"",$G15*INDEX(Υλικά!$I$3:$I$130,$F15,1)/INDEX(Υλικά!$E$3:$E$130,$F15,1),0)) -> 2.75 | K15: =$H15*Ref!$B$2 -> 11 | L15: =$I15*Ref!$B$3 -> 34 | M15: =$J15*Ref!$B$4 -> 24.75 | N15: =IF($C15<>"",0,IF($D15<>"",$G15*INDEX(Υλικά!$J$3:$J$130,$F15,1)/INDEX(Υλικά!$E$3:$E$130,$F15,1),0)) -> 0 | O15: =SUM(K15:N15) -> 69.75
A16: 43669 | B16: 0.80208333 | D16: Γαλοπούλα Καπνιστή CretaFarm | E16: =IF(C16<>"",INDEX(ΣυνδΑθρ!$I$2:$I$96,MATCH(C16,ΣυνδΑθρ!$A$2:$A$100,0),1),IF(D16<>"",INDEX(Υλικά!$D$3:$D$140,MATCH(D16,Υλικά!$B$3:$B$140,0),1),"")) -> slc | F16: =IF(C16<>"",MATCH($C16,ΣυνδΑθρ!$A$2:$A$100,0),IF(D16<>"",MATCH($D16,Υλικά!$B$3:$B$130,0),0)) -> 7 | G16: 2 | H16: =IF($C16<>"",$G16*INDEX(ΣυνδΑθρ!$B$2:$B$96,$F16,1)/INDEX(ΣυνδΑθρ!$J$2:$J$96,$F16,1),IF($D16<>"",$G16*INDEX(Υλικά!$G$3:$G$130,$F16,1)/INDEX(Υλικά!$E$3:$E$130,$F16,1),0)) -> 5.6 | I16: =IF($C16<>"",$G16*INDEX(ΣυνδΑθρ!$C$2:$C$100,$F16,1)/INDEX(ΣυνδΑθρ!$J$2:$J$96,$F16,1),IF($D16<>"",$G16*INDEX(Υλικά!$H$3:$H$130,$F16,1)/INDEX(Υλικά!$E$3:$E$130,$F16,1),0)) -> 1.6 | J16: =IF($C16<>"",$G16*INDEX(ΣυνδΑθρ!$D$2:$D$96,$F16,1)/INDEX(ΣυνδΑθρ!$J$2:$J$96,$F16,1),IF($D16<>"",$G16*INDEX(Υλικά!$I$3:$I$130,$F16,1)/INDEX(Υλικά!$E$3:$E$130,$F16,1),0)) -> 0.8 | K16: =$H16*Ref!$B$2 -> 22.4 | L16: =$I16*Ref!$B$3 -> 6.4 | M16: =$J16*Ref!$B$4 -> 7.2 | N16: =IF($C16<>"",0,IF($D16<>"",$G16*INDEX(Υλικά!$J$3:$J$130,$F16,1)/INDEX(Υλικά!$E$3:$E$130,$F16,1),0)) -> 0 | O16: =SUM(K16:N16) -> 36
A17: 43669 | B17: 0.83333333 | D17: Πίτα Καραμολέγκος Αξιαγάπητη | E17: =IF(C17<>"",INDEX(ΣυνδΑθρ!$I$2:$I$96,MATCH(C17,ΣυνδΑθρ!$A$2:$A$100,0),1),IF(D17<>"",INDEX(Υλικά!$D$3:$D$140,MATCH(D17,Υλικά!$B$3:$B$140,0),1),"")) -> pc | F17: =IF(C17<>"",MATCH($C17,ΣυνδΑθρ!$A$2:$A$100,0),IF(D17<>"",MATCH($D17,Υλικά!$B$3:$B$130,0),0)) -> 20 | G17: 0.5 | H17: =IF($C17<>"",$G17*INDEX(ΣυνδΑθρ!$B$2:$B$96,$F17,1)/INDEX(ΣυνδΑθρ!$J$2:$J$96,$F17,1),IF($D17<>"",$G17*INDEX(Υλικά!$G$3:$G$130,$F17,1)/INDEX(Υλικά!$E$3:$E$130,$F17,1),0)) -> 3.55 | I17: =IF($C17<>"",$G17*INDEX(ΣυνδΑθρ!$C$2:$C$100,$F17,1)/INDEX(ΣυνδΑθρ!$J$2:$J$96,$F17,1),IF($D17<>"",$G17*INDEX(Υλικά!$H$3:$H$130,$F17,1)/INDEX(Υλικά!$E$3:$E$130,$F17,1),0)) -> 18.9 | J17: =IF($C17<>"",$G17*INDEX(ΣυνδΑθρ!$D$2:$D$96,$F17,1)/INDEX(ΣυνδΑθρ!$J$2:$J$96,$F17,1),IF($D17<>"",$G17*INDEX(Υλικά!$I$3:$I$130,$F17,1)/INDEX(Υλικά!$E$3:$E$130,$F17,1),0)) -> 0.7 | K17: =$H17*Ref!$B$2 -> 14.2 | L17: =$I17*Ref!$B$3 -> 75.6 | M17: =$J17*Ref!$B$4 -> 6.3 | N17: =IF($C17<>"",0,IF($D17<>"",$G17*INDEX(Υλικά!$J$3:$J$130,$F17,1)/INDEX(Υλικά!$E$3:$E$130,$F17,1),0)) -> 0 | O17: =SUM(K17:N17) -> 96.1
A18: 43669 | B18: 0.83333333 | D18: Γαλοπούλα Καπνιστή CretaFarm | E18: =IF(C18<>"",INDEX(ΣυνδΑθρ!$I$2:$I$96,MATCH(C18,ΣυνδΑθρ!$A$2:$A$100,0),1),IF(D18<>"",INDEX(Υλικά!$D$3:$D$140,MATCH(D18,Υλικά!$B$3:$B$140,0),1),"")) -> slc | F18: =IF(C18<>"",MATCH($C18,ΣυνδΑθρ!$A$2:$A$100,0),IF(D18<>"",MATCH($D18,Υλικά!$B$3:$B$130,0),0)) -> 7 | G18: 2 | H18: =IF($C18<>"",$G18*INDEX(ΣυνδΑθρ!$B$2:$B$96,$F18,1)/INDEX(ΣυνδΑθρ!$J$2:$J$96,$F18,1),IF($D18<>"",$G18*INDEX(Υλικά!$G$3:$G$130,$F18,1)/INDEX(Υλικά!$E$3:$E$130,$F18,1),0)) -> 5.6 | I18: =IF($C18<>"",$G18*INDEX(ΣυνδΑθρ!$C$2:$C$100,$F18,1)/INDEX(ΣυνδΑθρ!$J$2:$J$96,$F18,1),IF($D18<>"",$G18*INDEX(Υλικά!$H$3:$H$130,$F18,1)/INDEX(Υλικά!$E$3:$E$130,$F18,1),0)) -> 1.6 | J18: =IF($C18<>"",$G18*INDEX(ΣυνδΑθρ!$D$2:$D$96,$F18,1)/INDEX(ΣυνδΑθρ!$J$2:$J$96,$F18,1),IF($D18<>"",$G18*INDEX(Υλικά!$I$3:$I$130,$F18,1)/INDEX(Υλικά!$E$3:$E$130,$F18,1),0)) -> 0.8 | K18: =$H18*Ref!$B$2 -> 22.4 | L18: =$I18*Ref!$B$3 -> 6.4 | M18: =$J18*Ref!$B$4 -> 7.2 | N18: =IF($C18<>"",0,IF($D18<>"",$G18*INDEX(Υλικά!$J$3:$J$130,$F18,1)/INDEX(Υλικά!$E$3:$E$130,$F18,1),0)) -> 0 | O18: =SUM(K18:N18) -> 36
A19: 43669 | B19: 0.83333333 | D19: Ρόκα | E19: =IF(C19<>"",INDEX(ΣυνδΑθρ!$I$2:$I$96,MATCH(C19,ΣυνδΑθρ!$A$2:$A$100,0),1),IF(D19<>"",INDEX(Υλικά!$D$3:$D$140,MATCH(D19,Υλικά!$B$3:$B$140,0),1),"")) -> gr | F19: =IF(C19<>"",MATCH($C19,ΣυνδΑθρ!$A$2:$A$100,0),IF(D19<>"",MATCH($D19,Υλικά!$B$3:$B$130,0),0)) -> 30 | G19: 20 | H19: =IF($C19<>"",$G19*INDEX(ΣυνδΑθρ!$B$2:$B$96,$F19,1)/INDEX(ΣυνδΑθρ!$J$2:$J$96,$F19,1),IF($D19<>"",$G19*INDEX(Υλικά!$G$3:$G$130,$F19,1)/INDEX(Υλικά!$E$3:$E$130,$F19,1),0)) -> 0.52 | I19: =IF($C19<>"",$G19*INDEX(ΣυνδΑθρ!$C$2:$C$100,$F19,1)/INDEX(ΣυνδΑθρ!$J$2:$J$96,$F19,1),IF($D19<>"",$G19*INDEX(Υλικά!$H$3:$H$130,$F19,1)/INDEX(Υλικά!$E$3:$E$130,$F19,1),0)) -> 0.42 | J19: =IF($C19<>"",$G19*INDEX(ΣυνδΑθρ!$D$2:$D$96,$F19,1)/INDEX(ΣυνδΑθρ!$J$2:$J$96,$F19,1),IF($D19<>"",$G19*INDEX(Υλικά!$I$3:$I$130,$F19,1)/INDEX(Υλικά!$E$3:$E$130,$F19,1),0)) -> 0.132 | K19: =$H19*Ref!$B$2 -> 2.08 | L19: =$I19*Ref!$B$3 -> 1.68 | M19: =$J19*Ref!$B$4 -> 1.188 | N19: =IF($C19<>"",0,IF($D19<>"",$G19*INDEX(Υλικά!$J$3:$J$130,$F19,1)/INDEX(Υλικά!$E$3:$E$130,$F19,1),0)) -> 0 | O19: =SUM(K19:N19) -> 4.948
A20: 43669 | B20: 0.83333333 | D20: Κασέρι Ελασσόνας ΑΒ | E20: =IF(C20<>"",INDEX(ΣυνδΑθρ!$I$2:$I$96,MATCH(C20,ΣυνδΑθρ!$A$2:$A$100,0),1),IF(D20<>"",INDEX(Υλικά!$D$3:$D$140,MATCH(D20,Υλικά!$B$3:$B$140,0),1),"")) -> slc | F20: =IF(C20<>"",MATCH($C20,ΣυνδΑθρ!$A$2:$A$100,0),IF(D20<>"",MATCH($D20,Υλικά!$B$3:$B$130,0),0)) -> 8 | G20: 1 | H20: =IF($C20<>"",$G20*INDEX(ΣυνδΑθρ!$B$2:$B$96,$F20,1)/INDEX(ΣυνδΑθρ!$J$2:$J$96,$F20,1),IF($D20<>"",$G20*INDEX(Υλικά!$G$3:$G$130,$F20,1)/INDEX(Υλικά!$E$3:$E$130,$F20,1),0)) -> 5.1 | I20: =IF($C20<>"",$G20*INDEX(ΣυνδΑθρ!$C$2:$C$100,$F20,1)/INDEX(ΣυνδΑθρ!$J$2:$J$96,$F20,1),IF($D20<>"",$G20*INDEX(Υλικά!$H$3:$H$130,$F20,1)/INDEX(Υλικά!$E$3:$E$130,$F20,1),0)) -> 0.1 | J20: =IF($C20<>"",$G20*INDEX(ΣυνδΑθρ!$D$2:$D$96,$F20,1)/INDEX(ΣυνδΑθρ!$J$2:$J$96,$F20,1),IF($D20<>"",$G20*INDEX(Υλικά!$I$3:$I$130,$F20,1)/INDEX(Υλικά!$E$3:$E$130,$F20,1),0)) -> 5.6 | K20: =$H20*Ref!$B$2 -> 20.4 | L20: =$I20*Ref!$B$3 -> 0.4 | M20: =$J20*Ref!$B$4 -> 50.4 | N20: =IF($C20<>"",0,IF($D20<>"",$G20*INDEX(Υλικά!$J$3:$J$130,$F20,1)/INDEX(Υλικά!$E$3:$E$130,$F20,1),0)) -> 0 | O20: =SUM(K20:N20) -> 71.2
A21: 43670 | B21: 0.39583333 | C21: Πρωινό Γάλα-Τοστ | E21: =IF(C21<>"",INDEX(ΣυνδΑθρ!$I$2:$I$96,MATCH(C21,ΣυνδΑθρ!$A$2:$A$100,0),1),IF(D21<>"",INDEX(Υλικά!$D$3:$D$140,MATCH(D21,Υλικά!$B$3:$B$140,0),1),"")) -> pc | F21: =IF(C21<>"",MATCH($C21,ΣυνδΑθρ!$A$2:$A$100,0),IF(D21<>"",MATCH($D21,Υλικά!$B$3:$B$130,0),0)) -> 3 | G21: 1 | H21: =IF($C21<>"",$G21*INDEX(ΣυνδΑθρ!$B$2:$B$96,$F21,1)/INDEX(ΣυνδΑθρ!$J$2:$J$96,$F21,1),IF($D21<>"",$G21*INDEX(Υλικά!$G$3:$G$130,$F21,1)/INDEX(Υλικά!$E$3:$E$130,$F21,1),0)) -> 23.3 | I21: =IF($C21<>"",$G21*INDEX(ΣυνδΑθρ!$C$2:$C$100,$F21,1)/INDEX(ΣυνδΑθρ!$J$2:$J$96,$F21,1),IF($D21<>"",$G21*INDEX(Υλικά!$H$3:$H$130,$F21,1)/INDEX(Υλικά!$E$3:$E$130,$F21,1),0)) -> 36.5 | J21: =IF($C21<>"",$G21*INDEX(ΣυνδΑθρ!$D$2:$D$96,$F21,1)/INDEX(ΣυνδΑθρ!$J$2:$J$96,$F21,1),IF($D21<>"",$G21*INDEX(Υλικά!$I$3:$I$130,$F21,1)/INDEX(Υλικά!$E$3:$E$130,$F21,1),0)) -> 11.6 | K21: =$H21*Ref!$B$2 -> 93.2 | L21: =$I21*Ref!$B$3 -> 146 | M21: =$J21*Ref!$B$4 -> 104.4 | N21: =IF($C21<>"",0,IF($D21<>"",$G21*INDEX(Υλικά!$J$3:$J$130,$F21,1)/INDEX(Υλικά!$E$3:$E$130,$F21,1),0)) -> 0 | O21: =SUM(K21:N21) -> 343.6
A22: 43670 | B22: 0.59375 | D22: Ντομάτα | E22: =IF(C22<>"",INDEX(ΣυνδΑθρ!$I$2:$I$96,MATCH(C22,ΣυνδΑθρ!$A$2:$A$100,0),1),IF(D22<>"",INDEX(Υλικά!$D$3:$D$140,MATCH(D22,Υλικά!$B$3:$B$140,0),1),"")) -> gr | F22: =IF(C22<>"",MATCH($C22,ΣυνδΑθρ!$A$2:$A$100,0),IF(D22<>"",MATCH($D22,Υλικά!$B$3:$B$130,0),0)) -> 16 | G22: 190 | H22: =IF($C22<>"",$G22*INDEX(ΣυνδΑθρ!$B$2:$B$96,$F22,1)/INDEX(ΣυνδΑθρ!$J$2:$J$96,$F22,1),IF($D22<>"",$G22*INDEX(Υλικά!$G$3:$G$130,$F22,1)/INDEX(Υλικά!$E$3:$E$130,$F22,1),0)) -> 1.71 | I22: =IF($C22<>"",$G22*INDEX(ΣυνδΑθρ!$C$2:$C$100,$F22,1)/INDEX(ΣυνδΑθρ!$J$2:$J$96,$F22,1),IF($D22<>"",$G22*INDEX(Υλικά!$H$3:$H$130,$F22,1)/INDEX(Υλικά!$E$3:$E$130,$F22,1),0)) -> 7.41 | J22: =IF($C22<>"",$G22*INDEX(ΣυνδΑθρ!$D$2:$D$96,$F22,1)/INDEX(ΣυνδΑθρ!$J$2:$J$96,$F22,1),IF($D22<>"",$G22*INDEX(Υλικά!$I$3:$I$130,$F22,1)/INDEX(Υλικά!$E$3:$E$130,$F22,1),0)) -> 0.38 | K22: =$H22*Ref!$B$2 -> 6.84 | L22: =$I22*Ref!$B$3 -> 29.64 | M22: =$J22*Ref!$B$4 -> 3.42 | N22: =IF($C22<>"",0,IF($D22<>"",$G22*INDEX(Υλικά!$J$3:$J$130,$F22,1)/INDEX(Υλικά!$E$3:$E$130,$F22,1),0)) -> 0 | O22: =SUM(K22:N22) -> 39.9
A23: 43670 | B23: 0.59375 | D23: Αγγούρι | E23: =IF(C23<>"",INDEX(ΣυνδΑθρ!$I$2:$I$96,MATCH(C23,ΣυνδΑθρ!$A$2:$A$100,0),1),IF(D23<>"",INDEX(Υλικά!$D$3:$D$140,MATCH(D23,Υλικά!$B$3:$B$140,0),1),"")) -> gr | F23: =IF(C23<>"",MATCH($C23,ΣυνδΑθρ!$A$2:$A$100,0),IF(D23<>"",MATCH($D23,Υλικά!$B$3:$B$130,0),0)) -> 17 | G23: 110 | H23: =IF($C23<>"",$G23*INDEX(ΣυνδΑθρ!$B$2:$B$96,$F23,1)/INDEX(ΣυνδΑθρ!$J$2:$J$96,$F23,1),IF($D23<>"",$G23*INDEX(Υλικά!$G$3:$G$130,$F23,1)/INDEX(Υλικά!$E$3:$E$130,$F23,1),0)) -> 0.77 | I23: =IF($C23<>"",$G23*INDEX(ΣυνδΑθρ!$C$2:$C$100,$F23,1)/INDEX(ΣυνδΑθρ!$J$2:$J$96,$F23,1),IF($D23<>"",$G23*INDEX(Υλικά!$H$3:$H$130,$F23,1)/INDEX(Υλικά!$E$3:$E$130,$F23,1),0)) -> 3.96 | J23: =IF($C23<>"",$G23*INDEX(ΣυνδΑθρ!$D$2:$D$96,$F23,1)/INDEX(ΣυνδΑθρ!$J$2:$J$96,$F23,1),IF($D23<>"",$G23*INDEX(Υλικά!$I$3:$I$130,$F23,1)/INDEX(Υλικά!$E$3:$E$130,$F23,1),0)) -> 0.11 | K23: =$H23*Ref!$B$2 -> 3.08 | L23: =$I23*Ref!$B$3 -> 15.84 | M23: =$J23*Ref!$B$4 -> 0.99 | N23: =IF($C23<>"",0,IF($D23<>"",$G23*INDEX(Υλικά!$J$3:$J$130,$F23,1)/INDEX(Υλικά!$E$3:$E$130,$F23,1),0)) -> 0 | O23: =SUM(K23:N23) -> 19.91
A24: 43670 | B24: 0.59375 | D24: Ελαιόλαδο | E24: =IF(C24<>"",INDEX(ΣυνδΑθρ!$I$2:$I$96,MATCH(C24,ΣυνδΑθρ!$A$2:$A$100,0),1),IF(D24<>"",INDEX(Υλικά!$D$3:$D$140,MATCH(D24,Υλικά!$B$3:$B$140,0),1),"")) -> gr | F24: =IF(C24<>"",MATCH($C24,ΣυνδΑθρ!$A$2:$A$100,0),IF(D24<>"",MATCH($D24,Υλικά!$B$3:$B$130,0),0)) -> 3 | G24: 5 | H24: =IF($C24<>"",$G24*INDEX(ΣυνδΑθρ!$B$2:$B$96,$F24,1)/INDEX(ΣυνδΑθρ!$J$2:$J$96,$F24,1),IF($D24<>"",$G24*INDEX(Υλικά!$G$3:$G$130,$F24,1)/INDEX(Υλικά!$E$3:$E$130,$F24,1),0)) -> 0 | I24: =IF($C24<>"",$G24*INDEX(ΣυνδΑθρ!$C$2:$C$100,$F24,1)/INDEX(ΣυνδΑθρ!$J$2:$J$96,$F24,1),IF($D24<>"",$G24*INDEX(Υλικά!$H$3:$H$130,$F24,1)/INDEX(Υλικά!$E$3:$E$130,$F24,1),0)) -> 0 | J24: =IF($C24<>"",$G24*INDEX(ΣυνδΑθρ!$D$2:$D$96,$F24,1)/INDEX(ΣυνδΑθρ!$J$2:$J$96,$F24,1),IF($D24<>"",$G24*INDEX(Υλικά!$I$3:$I$130,$F24,1)/INDEX(Υλικά!$E$3:$E$130,$F24,1),0)) -> 4.665 | K24: =$H24*Ref!$B$2 -> 0 | L24: =$I24*Ref!$B$3 -> 0 | M24: =$J24*Ref!$B$4 -> 41.985 | N24: =IF($C24<>"",0,IF($D24<>"",$G24*INDEX(Υλικά!$J$3:$J$130,$F24,1)/INDEX(Υλικά!$E$3:$E$130,$F24,1),0)) -> 0 | O24: =SUM(K24:N24) -> 41.985
A25: 43670 | B25: 0.59375 | D25: Κοτόπουλο Στήθος | E25: =IF(C25<>"",INDEX(ΣυνδΑθρ!$I$2:$I$96,MATCH(C25,ΣυνδΑθρ!$A$2:$A$100,0),1),IF(D25<>"",INDEX(Υλικά!$D$3:$D$140,MATCH(D25,Υλικά!$B$3:$B$140,0),1),"")) -> gr | F25: =IF(C25<>"",MATCH($C25,ΣυνδΑθρ!$A$2:$A$100,0),IF(D25<>"",MATCH($D25,Υλικά!$B$3:$B$130,0),0)) -> 32 | G25: 150 | H25: =IF($C25<>"",$G25*INDEX(ΣυνδΑθρ!$B$2:$B$96,$F25,1)/INDEX(ΣυνδΑθρ!$J$2:$J$96,$F25,1),IF($D25<>"",$G25*INDEX(Υλικά!$G$3:$G$130,$F25,1)/INDEX(Υλικά!$E$3:$E$130,$F25,1),0)) -> 46.5 | I25: =IF($C25<>"",$G25*INDEX(ΣυνδΑθρ!$C$2:$C$100,$F25,1)/INDEX(ΣυνδΑθρ!$J$2:$J$96,$F25,1),IF($D25<>"",$G25*INDEX(Υλικά!$H$3:$H$130,$F25,1)/INDEX(Υλικά!$E$3:$E$130,$F25,1),0)) -> 0 | J25: =IF($C25<>"",$G25*INDEX(ΣυνδΑθρ!$D$2:$D$96,$F25,1)/INDEX(ΣυνδΑθρ!$J$2:$J$96,$F25,1),IF($D25<>"",$G25*INDEX(Υλικά!$I$3:$I$130,$F25,1)/INDEX(Υλικά!$E$3:$E$130,$F25,1),0)) -> 5.4 | K25: =$H25*Ref!$B$2 -> 186 | L25: =$I25*Ref!$B$3 -> 0 | M25: =$J25*Ref!$B$4 -> 48.6 | N25: =IF($C25<>"",0,IF($D25<>"",$G25*INDEX(Υλικά!$J$3:$J$130,$F25,1)/INDEX(Υλικά!$E$3:$E$130,$F25,1),0)) -> 0 | O25: =SUM(K25:N25) -> 234.6
A26: 43670 | B26: 0.70833333 | D26: Μπισκότα McVities Club Orange | E26: =IF(C26<>"",INDEX(ΣυνδΑθρ!$I$2:$I$96,MATCH(C26,ΣυνδΑθρ!$A$2:$A$100,0),1),IF(D26<>"",INDEX(Υλικά!$D$3:$D$140,MATCH(D26,Υλικά!$B$3:$B$140,0),1),"")) -> pc | F26: =IF(C26<>"",MATCH($C26,ΣυνδΑθρ!$A$2:$A$100,0),IF(D26<>"",MATCH($D26,Υλικά!$B$3:$B$130,0),0)) -> 27 | G26: 1 | H26: =IF($C26<>"",$G26*INDEX(ΣυνδΑθρ!$B$2:$B$96,$F26,1)/INDEX(ΣυνδΑθρ!$J$2:$J$96,$F26,1),IF($D26<>"",$G26*INDEX(Υλικά!$G$3:$G$130,$F26,1)/INDEX(Υλικά!$E$3:$E$130,$F26,1),0)) -> 1.3 | I26: =IF($C26<>"",$G26*INDEX(ΣυνδΑθρ!$C$2:$C$100,$F26,1)/INDEX(ΣυνδΑθρ!$J$2:$J$96,$F26,1),IF($D26<>"",$G26*INDEX(Υλικά!$H$3:$H$130,$F26,1)/INDEX(Υλικά!$E$3:$E$130,$F26,1),0)) -> 13.8 | J26: =IF($C26<>"",$G26*INDEX(ΣυνδΑθρ!$D$2:$D$96,$F26,1)/INDEX(ΣυνδΑθρ!$J$2:$J$96,$F26,1),IF($D26<>"",$G26*INDEX(Υλικά!$I$3:$I$130,$F26,1)/INDEX(Υλικά!$E$3:$E$130,$F26,1),0)) -> 6 | K26: =$H26*Ref!$B$2 -> 5.2 | L26: =$I26*Ref!$B$3 -> 55.2 | M26: =$J26*Ref!$B$4 -> 54 | N26: =IF($C26<>"",0,IF($D26<>"",$G26*INDEX(Υλικά!$J$3:$J$130,$F26,1)/INDEX(Υλικά!$E$3:$E$130,$F26,1),0)) -> 0 | O26: =SUM(K26:N26) -> 114.4
A27: 43670 | B27: 0.83333333 | D27: Φυστίκια Αράπικα Μικρές Φάρμες | E27: =IF(C27<>"",INDEX(ΣυνδΑθρ!$I$2:$I$96,MATCH(C27,ΣυνδΑθρ!$A$2:$A$100,0),1),IF(D27<>"",INDEX(Υλικά!$D$3:$D$140,MATCH(D27,Υλικά!$B$3:$B$140,0),1),"")) -> gr | F27: =IF(C27<>"",MATCH($C27,ΣυνδΑθρ!$A$2:$A$100,0),IF(D27<>"",MATCH($D27,Υλικά!$B$3:$B$130,0),0)) -> 24 | G27: 10 | H27: =IF($C27<>"",$G27*INDEX(ΣυνδΑθρ!$B$2:$B$96,$F27,1)/INDEX(ΣυνδΑθρ!$J$2:$J$96,$F27,1),IF($D27<>"",$G27*INDEX(Υλικά!$G$3:$G$130,$F27,1)/INDEX(Υλικά!$E$3:$E$130,$F27,1),0)) -> 2.37 | I27: =IF($C27<>"",$G27*INDEX(ΣυνδΑθρ!$C$2:$C$100,$F27,1)/INDEX(ΣυνδΑθρ!$J$2:$J$96,$F27,1),IF($D27<>"",$G27*INDEX(Υλικά!$H$3:$H$130,$F27,1)/INDEX(Υλικά!$E$3:$E$130,$F27,1),0)) -> 2.15 | J27: =IF($C27<>"",$G27*INDEX(ΣυνδΑθρ!$D$2:$D$96,$F27,1)/INDEX(ΣυνδΑθρ!$J$2:$J$96,$F27,1),IF($D27<>"",$G27*INDEX(Υλικά!$I$3:$I$130,$F27,1)/INDEX(Υλικά!$E$3:$E$130,$F27,1),0)) -> 4.97 | K27: =$H27*Ref!$B$2 -> 9.48 | L27: =$I27*Ref!$B$3 -> 8.6 | M27: =$J27*Ref!$B$4 -> 44.73 | N27: =IF($C27<>"",0,IF($D27<>"",$G27*INDEX(Υλικά!$J$3:$J$130,$F27,1)/INDEX(Υλικά!$E$3:$E$130,$F27,1),0)) -> 0 | O27: =SUM(K27:N27) -> 62.81
A28: 43670 | B28: 0.86458333 | D28: Κοτόπουλο Στήθος | E28: =IF(C28<>"",INDEX(ΣυνδΑθρ!$I$2:$I$96,MATCH(C28,ΣυνδΑθρ!$A$2:$A$100,0),1),IF(D28<>"",INDEX(Υλικά!$D$3:$D$140,MATCH(D28,Υλικά!$B$3:$B$140,0),1),"")) -> gr | F28: =IF(C28<>"",MATCH($C28,ΣυνδΑθρ!$A$2:$A$100,0),IF(D28<>"",MATCH($D28,Υλικά!$B$3:$B$130,0),0)) -> 32 | G28: 200 | H28: =IF($C28<>"",$G28*INDEX(ΣυνδΑθρ!$B$2:$B$96,$F28,1)/INDEX(ΣυνδΑθρ!$J$2:$J$96,$F28,1),IF($D28<>"",$G28*INDEX(Υλικά!$G$3:$G$130,$F28,1)/INDEX(Υλικά!$E$3:$E$130,$F28,1),0)) -> 62 | I28: =IF($C28<>"",$G28*INDEX(ΣυνδΑθρ!$C$2:$C$100,$F28,1)/INDEX(ΣυνδΑθρ!$J$2:$J$96,$F28,1),IF($D28<>"",$G28*INDEX(Υλικά!$H$3:$H$130,$F28,1)/INDEX(Υλικά!$E$3:$E$130,$F28,1),0)) -> 0 | J28: =IF($C28<>"",$G28*INDEX(ΣυνδΑθρ!$D$2:$D$96,$F28,1)/INDEX(ΣυνδΑθρ!$J$2:$J$96,$F28,1),IF($D28<>"",$G28*INDEX(Υλικά!$I$3:$I$130,$F28,1)/INDEX(Υλικά!$E$3:$E$130,$F28,1),0)) -> 7.2 | K28: =$H28*Ref!$B$2 -> 248 | L28: =$I28*Ref!$B$3 -> 0 | M28: =$J28*Ref!$B$4 -> 64.8 | N28: =IF($C28<>"",0,IF($D28<>"",$G28*INDEX(Υλικά!$J$3:$J$130,$F28,1)/INDEX(Υλικά!$E$3:$E$130,$F28,1),0)) -> 0 | O28: =SUM(K28:N28) -> 312.8
A29: 43670 | B29: 0.86458333 | D29: Ντομάτα | E29: =IF(C29<>"",INDEX(ΣυνδΑθρ!$I$2:$I$96,MATCH(C29,ΣυνδΑθρ!$A$2:$A$100,0),1),IF(D29<>"",INDEX(Υλικά!$D$3:$D$140,MATCH(D29,Υλικά!$B$3:$B$140,0),1),"")) -> gr | F29: =IF(C29<>"",MATCH($C29,ΣυνδΑθρ!$A$2:$A$100,0),IF(D29<>"",MATCH($D29,Υλικά!$B$3:$B$130,0),0)) -> 16 | G29: 250 | H29: =IF($C29<>"",$G29*INDEX(ΣυνδΑθρ!$B$2:$B$96,$F29,1)/INDEX(ΣυνδΑθρ!$J$2:$J$96,$F29,1),IF($D29<>"",$G29*INDEX(Υλικά!$G$3:$G$130,$F29,1)/INDEX(Υλικά!$E$3:$E$130,$F29,1),0)) -> 2.25 | I29: =IF($C29<>"",$G29*INDEX(ΣυνδΑθρ!$C$2:$C$100,$F29,1)/INDEX(ΣυνδΑθρ!$J$2:$J$96,$F29,1),IF($D29<>"",$G29*INDEX(Υλικά!$H$3:$H$130,$F29,1)/INDEX(Υλικά!$E$3:$E$130,$F29,1),0)) -> 9.75 | J29: =IF($C29<>"",$G29*INDEX(ΣυνδΑθρ!$D$2:$D$96,$F29,1)/INDEX(ΣυνδΑθρ!$J$2:$J$96,$F29,1),IF($D29<>"",$G29*INDEX(Υλικά!$I$3:$I$130,$F29,1)/INDEX(Υλικά!$E$3:$E$130,$F29,1),0)) -> 0.5 | K29: =$H29*Ref!$B$2 -> 9 | L29: =$I29*Ref!$B$3 -> 39 | M29: =$J29*Ref!$B$4 -> 4.5 | N29: =IF($C29<>"",0,IF($D29<>"",$G29*INDEX(Υλικά!$J$3:$J$130,$F29,1)/INDEX(Υλικά!$E$3:$E$130,$F29,1),0)) -> 0 | O29: =SUM(K29:N29) -> 52.5
A30: 43670 | B30: 0.86458333 | D30: Αγγούρι | E30: =IF(C30<>"",INDEX(ΣυνδΑθρ!$I$2:$I$96,MATCH(C30,ΣυνδΑθρ!$A$2:$A$100,0),1),IF(D30<>"",INDEX(Υλικά!$D$3:$D$140,MATCH(D30,Υλικά!$B$3:$B$140,0),1),"")) -> gr | F30: =IF(C30<>"",MATCH($C30,ΣυνδΑθρ!$A$2:$A$100,0),IF(D30<>"",MATCH($D30,Υλικά!$B$3:$B$130,0),0)) -> 17 | G30: 90 | H30: =IF($C30<>"",$G30*INDEX(ΣυνδΑθρ!$B$2:$B$96,$F30,1)/INDEX(ΣυνδΑθρ!$J$2:$J$96,$F30,1),IF($D30<>"",$G30*INDEX(Υλικά!$G$3:$G$130,$F30,1)/INDEX(Υλικά!$E$3:$E$130,$F30,1),0)) -> 0.63 | I30: =IF($C30<>"",$G30*INDEX(ΣυνδΑθρ!$C$2:$C$100,$F30,1)/INDEX(ΣυνδΑθρ!$J$2:$J$96,$F30,1),IF($D30<>"",$G30*INDEX(Υλικά!$H$3:$H$130,$F30,1)/INDEX(Υλικά!$E$3:$E$130,$F30,1),0)) -> 3.24 | J30: =IF($C30<>"",$G30*INDEX(ΣυνδΑθρ!$D$2:$D$96,$F30,1)/INDEX(ΣυνδΑθρ!$J$2:$J$96,$F30,1),IF($D30<>"",$G30*INDEX(Υλικά!$I$3:$I$130,$F30,1)/INDEX(Υλικά!$E$3:$E$130,$F30,1),0)) -> 0.09 | K30: =$H30*Ref!$B$2 -> 2.52 | L30: =$I30*Ref!$B$3 -> 12.96 | M30: =$J30*Ref!$B$4 -> 0.81 | N30: =IF($C30<>"",0,IF($D30<>"",$G30*INDEX(Υλικά!$J$3:$J$130,$F30,1)/INDEX(Υλικά!$E$3:$E$130,$F30,1),0)) -> 0 | O30: =SUM(K30:N30) -> 16.29
A31: 43670 | B31: 0.125 | D31: Γιαούρτι Όλυμπος 2% | E31: =IF(C31<>"",INDEX(ΣυνδΑθρ!$I$2:$I$96,MATCH(C31,ΣυνδΑθρ!$A$2:$A$100,0),1),IF(D31<>"",INDEX(Υλικά!$D$3:$D$140,MATCH(D31,Υλικά!$B$3:$B$140,0),1),"")) -> gr | F31: =IF(C31<>"",MATCH($C31,ΣυνδΑθρ!$A$2:$A$100,0),IF(D31<>"",MATCH($D31,Υλικά!$B$3:$B$130,0),0)) -> 14 | G31: 200 | H31: =IF($C31<>"",$G31*INDEX(ΣυνδΑθρ!$B$2:$B$96,$F31,1)/INDEX(ΣυνδΑθρ!$J$2:$J$96,$F31,1),IF($D31<>"",$G31*INDEX(Υλικά!$G$3:$G$130,$F31,1)/INDEX(Υλικά!$E$3:$E$130,$F31,1),0)) -> 16 | I31: =IF($C31<>"",$G31*INDEX(ΣυνδΑθρ!$C$2:$C$100,$F31,1)/INDEX(ΣυνδΑθρ!$J$2:$J$96,$F31,1),IF($D31<>"",$G31*INDEX(Υλικά!$H$3:$H$130,$F31,1)/INDEX(Υλικά!$E$3:$E$130,$F31,1),0)) -> 8 | J31: =IF($C31<>"",$G31*INDEX(ΣυνδΑθρ!$D$2:$D$96,$F31,1)/INDEX(ΣυνδΑθρ!$J$2:$J$96,$F31,1),IF($D31<>"",$G31*INDEX(Υλικά!$I$3:$I$130,$F31,1)/INDEX(Υλικά!$E$3:$E$130,$F31,1),0)) -> 4 | K31: =$H31*Ref!$B$2 -> 64 | L31: =$I31*Ref!$B$3 -> 32 | M31: =$J31*Ref!$B$4 -> 36 | N31: =IF($C31<>"",0,IF($D31<>"",$G31*INDEX(Υλικά!$J$3:$J$130,$F31,1)/INDEX(Υλικά!$E$3:$E$130,$F31,1),0)) -> 0 | O31: =SUM(K31:N31) -> 132
A32: 43670 | B32: 0.125 | D32: Ροδάκινο | E32: =IF(C32<>"",INDEX(ΣυνδΑθρ!$I$2:$I$96,MATCH(C32,ΣυνδΑθρ!$A$2:$A$100,0),1),IF(D32<>"",INDEX(Υλικά!$D$3:$D$140,MATCH(D32,Υλικά!$B$3:$B$140,0),1),"")) -> gr | F32: =IF(C32<>"",MATCH($C32,ΣυνδΑθρ!$A$2:$A$100,0),IF(D32<>"",MATCH($D32,Υλικά!$B$3:$B$130,0),0)) -> 29 | G32: 200 | H32: =IF($C32<>"",$G32*INDEX(ΣυνδΑθρ!$B$2:$B$96,$F32,1)/INDEX(ΣυνδΑθρ!$J$2:$J$96,$F32,1),IF($D32<>"",$G32*INDEX(Υλικά!$G$3:$G$130,$F32,1)/INDEX(Υλικά!$E$3:$E$130,$F32,1),0)) -> 0 | I32: =IF($C32<>"",$G32*INDEX(ΣυνδΑθρ!$C$2:$C$100,$F32,1)/INDEX(ΣυνδΑθρ!$J$2:$J$96,$F32,1),IF($D32<>"",$G32*INDEX(Υλικά!$H$3:$H$130,$F32,1)/INDEX(Υλικά!$E$3:$E$130,$F32,1),0)) -> 19.4 | J32: =IF($C32<>"",$G32*INDEX(ΣυνδΑθρ!$D$2:$D$96,$F32,1)/INDEX(ΣυνδΑθρ!$J$2:$J$96,$F32,1),IF($D32<>"",$G32*INDEX(Υλικά!$I$3:$I$130,$F32,1)/INDEX(Υλικά!$E$3:$E$130,$F32,1),0)) -> 0 | K32: =$H32*Ref!$B$2 -> 0 | L32: =$I32*Ref!$B$3 -> 77.6 | M32: =$J32*Ref!$B$4 -> 0 | N32: =IF($C32<>"",0,IF($D32<>"",$G32*INDEX(Υλικά!$J$3:$J$130,$F32,1)/INDEX(Υλικά!$E$3:$E$130,$F32,1),0)) -> 0 | O32: =SUM(K32:N32) -> 77.6
A33: 43671 | B33: 0.38541667 | C33: Πρωινό Γάλα-Τοστ | E33: =IF(C33<>"",INDEX(ΣυνδΑθρ!$I$2:$I$96,MATCH(C33,ΣυνδΑθρ!$A$2:$A$100,0),1),IF(D33<>"",INDEX(Υλικά!$D$3:$D$140,MATCH(D33,Υλικά!$B$3:$B$140,0),1),"")) -> pc | F33: =IF(C33<>"",MATCH($C33,ΣυνδΑθρ!$A$2:$A$100,0),IF(D33<>"",MATCH($D33,Υλικά!$B$3:$B$130,0),0)) -> 3 | G33: 1 | H33: =IF($C33<>"",$G33*INDEX(ΣυνδΑθρ!$B$2:$B$96,$F33,1)/INDEX(ΣυνδΑθρ!$J$2:$J$96,$F33,1),IF($D33<>"",$G33*INDEX(Υλικά!$G$3:$G$130,$F33,1)/INDEX(Υλικά!$E$3:$E$130,$F33,1),0)) -> 23.3 | I33: =IF($C33<>"",$G33*INDEX(ΣυνδΑθρ!$C$2:$C$100,$F33,1)/INDEX(ΣυνδΑθρ!$J$2:$J$96,$F33,1),IF($D33<>"",$G33*INDEX(Υλικά!$H$3:$H$130,$F33,1)/INDEX(Υλικά!$E$3:$E$130,$F33,1),0)) -> 36.5 | J33: =IF($C33<>"",$G33*INDEX(ΣυνδΑθρ!$D$2:$D$96,$F33,1)/INDEX(ΣυνδΑθρ!$J$2:$J$96,$F33,1),IF($D33<>"",$G33*INDEX(Υλικά!$I$3:$I$130,$F33,1)/INDEX(Υλικά!$E$3:$E$130,$F33,1),0)) -> 11.6 | K33: =$H33*Ref!$B$2 -> 93.2 | L33: =$I33*Ref!$B$3 -> 146 | M33: =$J33*Ref!$B$4 -> 104.4 | N33: =IF($C33<>"",0,IF($D33<>"",$G33*INDEX(Υλικά!$J$3:$J$130,$F33,1)/INDEX(Υλικά!$E$3:$E$130,$F33,1),0)) -> 0 | O33: =SUM(K33:N33) -> 343.6
A34: 43671 | B34: 0.52083333 | D34: Ψωμί Γερμανικού Τύπου Κατσέλη | E34: =IF(C34<>"",INDEX(ΣυνδΑθρ!$I$2:$I$96,MATCH(C34,ΣυνδΑθρ!$A$2:$A$100,0),1),IF(D34<>"",INDEX(Υλικά!$D$3:$D$140,MATCH(D34,Υλικά!$B$3:$B$140,0),1),"")) -> slc | F34: =IF(C34<>"",MATCH($C34,ΣυνδΑθρ!$A$2:$A$100,0),IF(D34<>"",MATCH($D34,Υλικά!$B$3:$B$130,0),0)) -> 10 | G34: 1 | H34: =IF($C34<>"",$G34*INDEX(ΣυνδΑθρ!$B$2:$B$96,$F34,1)/INDEX(ΣυνδΑθρ!$J$2:$J$96,$F34,1),IF($D34<>"",$G34*INDEX(Υλικά!$G$3:$G$130,$F34,1)/INDEX(Υλικά!$E$3:$E$130,$F34,1),0)) -> 4.5 | I34: =IF($C34<>"",$G34*INDEX(ΣυνδΑθρ!$C$2:$C$100,$F34,1)/INDEX(ΣυνδΑθρ!$J$2:$J$96,$F34,1),IF($D34<>"",$G34*INDEX(Υλικά!$H$3:$H$130,$F34,1)/INDEX(Υλικά!$E$3:$E$130,$F34,1),0)) -> 26.1 | J34: =IF($C34<>"",$G34*INDEX(ΣυνδΑθρ!$D$2:$D$96,$F34,1)/INDEX(ΣυνδΑθρ!$J$2:$J$96,$F34,1),IF($D34<>"",$G34*INDEX(Υλικά!$I$3:$I$130,$F34,1)/INDEX(Υλικά!$E$3:$E$130,$F34,1),0)) -> 0.8 | K34: =$H34*Ref!$B$2 -> 18 | L34: =$I34*Ref!$B$3 -> 104.4 | M34: =$J34*Ref!$B$4 -> 7.2 | N34: =IF($C34<>"",0,IF($D34<>"",$G34*INDEX(Υλικά!$J$3:$J$130,$F34,1)/INDEX(Υλικά!$E$3:$E$130,$F34,1),0)) -> 0 | O34: =SUM(K34:N34) -> 129.6
A35: 43671 | B35: 0.52083333 | D35: Γαλοτύρι Ηπείρου ΑΒ | E35: =IF(C35<>"",INDEX(ΣυνδΑθρ!$I$2:$I$96,MATCH(C35,ΣυνδΑθρ!$A$2:$A$100,0),1),IF(D35<>"",INDEX(Υλικά!$D$3:$D$140,MATCH(D35,Υλικά!$B$3:$B$140,0),1),"")) -> gr | F35: =IF(C35<>"",MATCH($C35,ΣυνδΑθρ!$A$2:$A$100,0),IF(D35<>"",MATCH($D35,Υλικά!$B$3:$B$130,0),0)) -> 22 | G35: 40 | H35: =IF($C35<>"",$G35*INDEX(ΣυνδΑθρ!$B$2:$B$96,$F35,1)/INDEX(ΣυνδΑθρ!$J$2:$J$96,$F35,1),IF($D35<>"",$G35*INDEX(Υλικά!$G$3:$G$130,$F35,1)/INDEX(Υλικά!$E$3:$E$130,$F35,1),0)) -> 4.6 | I35: =IF($C35<>"",$G35*INDEX(ΣυνδΑθρ!$C$2:$C$100,$F35,1)/INDEX(ΣυνδΑθρ!$J$2:$J$96,$F35,1),IF($D35<>"",$G35*INDEX(Υλικά!$H$3:$H$130,$F35,1)/INDEX(Υλικά!$E$3:$E$130,$F35,1),0)) -> 0.56 | J35: =IF($C35<>"",$G35*INDEX(ΣυνδΑθρ!$D$2:$D$96,$F35,1)/INDEX(ΣυνδΑθρ!$J$2:$J$96,$F35,1),IF($D35<>"",$G35*INDEX(Υλικά!$I$3:$I$130,$F35,1)/INDEX(Υλικά!$E$3:$E$130,$F35,1),0)) -> 4.96 | K35: =$H35*Ref!$B$2 -> 18.4 | L35: =$I35*Ref!$B$3 -> 2.24 | M35: =$J35*Ref!$B$4 -> 44.64 | N35: =IF($C35<>"",0,IF($D35<>"",$G35*INDEX(Υλικά!$J$3:$J$130,$F35,1)/INDEX(Υλικά!$E$3:$E$130,$F35,1),0)) -> 0 | O35: =SUM(K35:N35) -> 65.28
A36: 43671 | B36: 0.52083333 | D36: Γαλοπούλα Καπνιστή CretaFarm | E36: =IF(C36<>"",INDEX(ΣυνδΑθρ!$I$2:$I$96,MATCH(C36,ΣυνδΑθρ!$A$2:$A$100,0),1),IF(D36<>"",INDEX(Υλικά!$D$3:$D$140,MATCH(D36,Υλικά!$B$3:$B$140,0),1),"")) -> slc | F36: =IF(C36<>"",MATCH($C36,ΣυνδΑθρ!$A$2:$A$100,0),IF(D36<>"",MATCH($D36,Υλικά!$B$3:$B$130,0),0)) -> 7 | G36: 2 | H36: =IF($C36<>"",$G36*INDEX(ΣυνδΑθρ!$B$2:$B$96,$F36,1)/INDEX(ΣυνδΑθρ!$J$2:$J$96,$F36,1),IF($D36<>"",$G36*INDEX(Υλικά!$G$3:$G$130,$F36,1)/INDEX(Υλικά!$E$3:$E$130,$F36,1),0)) -> 5.6 | I36: =IF($C36<>"",$G36*INDEX(ΣυνδΑθρ!$C$2:$C$100,$F36,1)/INDEX(ΣυνδΑθρ!$J$2:$J$96,$F36,1),IF($D36<>"",$G36*INDEX(Υλικά!$H$3:$H$130,$F36,1)/INDEX(Υλικά!$E$3:$E$130,$F36,1),0)) -> 1.6 | J36: =IF($C36<>"",$G36*INDEX(ΣυνδΑθρ!$D$2:$D$96,$F36,1)/INDEX(ΣυνδΑθρ!$J$2:$J$96,$F36,1),IF($D36<>"",$G36*INDEX(Υλικά!$I$3:$I$130,$F36,1)/INDEX(Υλικά!$E$3:$E$130,$F36,1),0)) -> 0.8 | K36: =$H36*Ref!$B$2 -> 22.4 | L36: =$I36*Ref!$B$3 -> 6.4 | M36: =$J36*Ref!$B$4 -> 7.2 | N36: =IF($C36<>"",0,IF($D36<>"",$G36*INDEX(Υλικά!$J$3:$J$130,$F36,1)/INDEX(Υλικά!$E$3:$E$130,$F36,1),0)) -> 0 | O36: =SUM(K36:N36) -> 36
A37: 43671 | B37: 0.60416667 | C37: Μοσχάρι με Πιπεριές Πιλάφι | E37: =IF(C37<>"",INDEX(ΣυνδΑθρ!$I$2:$I$96,MATCH(C37,ΣυνδΑθρ!$A$2:$A$100,0),1),IF(D37<>"",INDEX(Υλικά!$D$3:$D$140,MATCH(D37,Υλικά!$B$3:$B$140,0),1),"")) -> gr | F37: =IF(C37<>"",MATCH($C37,ΣυνδΑθρ!$A$2:$A$100,0),IF(D37<>"",MATCH($D37,Υλικά!$B$3:$B$130,0),0)) -> 6 | G37: 300 | H37: =IF($C37<>"",$G37*INDEX(ΣυνδΑθρ!$B$2:$B$96,$F37,1)/INDEX(ΣυνδΑθρ!$J$2:$J$96,$F37,1),IF($D37<>"",$G37*INDEX(Υλικά!$G$3:$G$130,$F37,1)/INDEX(Υλικά!$E$3:$E$130,$F37,1),0)) -> 27.18 | I37: =IF($C37<>"",$G37*INDEX(ΣυνδΑθρ!$C$2:$C$100,$F37,1)/INDEX(ΣυνδΑθρ!$J$2:$J$96,$F37,1),IF($D37<>"",$G37*INDEX(Υλικά!$H$3:$H$130,$F37,1)/INDEX(Υλικά!$E$3:$E$130,$F37,1),0)) -> 23.84 | J37: =IF($C37<>"",$G37*INDEX(ΣυνδΑθρ!$D$2:$D$96,$F37,1)/INDEX(ΣυνδΑθρ!$J$2:$J$96,$F37,1),IF($D37<>"",$G37*INDEX(Υλικά!$I$3:$I$130,$F37,1)/INDEX(Υλικά!$E$3:$E$130,$F37,1),0)) -> 13.048333 | K37: =$H37*Ref!$B$2 -> 108.72 | L37: =$I37*Ref!$B$3 -> 95.36 | M37: =$J37*Ref!$B$4 -> 117.435 | N37: =IF($C37<>"",0,IF($D37<>"",$G37*INDEX(Υλικά!$J$3:$J$130,$F37,1)/INDEX(Υλικά!$E$3:$E$130,$F37,1),0)) -> 0 | O37: =SUM(K37:N37) -> 321.515
A38: 43671 | B38: 0.89583333 | D38: Χοιρινό κοντοσούβλι (εκτίμηση) | E38: =IF(C38<>"",INDEX(ΣυνδΑθρ!$I$2:$I$96,MATCH(C38,ΣυνδΑθρ!$A$2:$A$100,0),1),IF(D38<>"",INDEX(Υλικά!$D$3:$D$140,MATCH(D38,Υλικά!$B$3:$B$140,0),1),"")) -> gr | F38: =IF(C38<>"",MATCH($C38,ΣυνδΑθρ!$A$2:$A$100,0),IF(D38<>"",MATCH($D38,Υλικά!$B$3:$B$130,0),0)) -> 35 | G38: 300 | H38: =IF($C38<>"",$G38*INDEX(ΣυνδΑθρ!$B$2:$B$96,$F38,1)/INDEX(ΣυνδΑθρ!$J$2:$J$96,$F38,1),IF($D38<>"",$G38*INDEX(Υλικά!$G$3:$G$130,$F38,1)/INDEX(Υλικά!$E$3:$E$130,$F38,1),0)) -> 84 | I38: =IF($C38<>"",$G38*INDEX(ΣυνδΑθρ!$C$2:$C$100,$F38,1)/INDEX(ΣυνδΑθρ!$J$2:$J$96,$F38,1),IF($D38<>"",$G38*INDEX(Υλικά!$H$3:$H$130,$F38,1)/INDEX(Υλικά!$E$3:$E$130,$F38,1),0)) -> 0 | J38: =IF($C38<>"",$G38*INDEX(ΣυνδΑθρ!$D$2:$D$96,$F38,1)/INDEX(ΣυνδΑθρ!$J$2:$J$96,$F38,1),IF($D38<>"",$G38*INDEX(Υλικά!$I$3:$I$130,$F38,1)/INDEX(Υλικά!$E$3:$E$130,$F38,1),0)) -> 45 | K38: =$H38*Ref!$B$2 -> 336 | L38: =$I38*Ref!$B$3 -> 0 | M38: =$J38*Ref!$B$4 -> 405 | N38: =IF($C38<>"",0,IF($D38<>"",$G38*INDEX(Υλικά!$J$3:$J$130,$F38,1)/INDEX(Υλικά!$E$3:$E$130,$F38,1),0)) -> 0 | O38: =SUM(K38:N38) -> 741 | P38: Κληματαριά
A39: 43671 | B39: 0.89583333 | D39: Ντομάτα | E39: =IF(C39<>"",INDEX(ΣυνδΑθρ!$I$2:$I$96,MATCH(C39,ΣυνδΑθρ!$A$2:$A$100,0),1),IF(D39<>"",INDEX(Υλικά!$D$3:$D$140,MATCH(D39,Υλικά!$B$3:$B$140,0),1),"")) -> gr | F39: =IF(C39<>"",MATCH($C39,ΣυνδΑθρ!$A$2:$A$100,0),IF(D39<>"",MATCH($D39,Υλικά!$B$3:$B$130,0),0)) -> 16 | G39: 200 | H39: =IF($C39<>"",$G39*INDEX(ΣυνδΑθρ!$B$2:$B$96,$F39,1)/INDEX(ΣυνδΑθρ!$J$2:$J$96,$F39,1),IF($D39<>"",$G39*INDEX(Υλικά!$G$3:$G$130,$F39,1)/INDEX(Υλικά!$E$3:$E$130,$F39,1),0)) -> 1.8 | I39: =IF($C39<>"",$G39*INDEX(ΣυνδΑθρ!$C$2:$C$100,$F39,1)/INDEX(ΣυνδΑθρ!$J$2:$J$96,$F39,1),IF($D39<>"",$G39*INDEX(Υλικά!$H$3:$H$130,$F39,1)/INDEX(Υλικά!$E$3:$E$130,$F39,1),0)) -> 7.8 | J39: =IF($C39<>"",$G39*INDEX(ΣυνδΑθρ!$D$2:$D$96,$F39,1)/INDEX(ΣυνδΑθρ!$J$2:$J$96,$F39,1),IF($D39<>"",$G39*INDEX(Υλικά!$I$3:$I$130,$F39,1)/INDEX(Υλικά!$E$3:$E$130,$F39,1),0)) -> 0.4 | K39: =$H39*Ref!$B$2 -> 7.2 | L39: =$I39*Ref!$B$3 -> 31.2 | M39: =$J39*Ref!$B$4 -> 3.6 | N39: =IF($C39<>"",0,IF($D39<>"",$G39*INDEX(Υλικά!$J$3:$J$130,$F39,1)/INDEX(Υλικά!$E$3:$E$130,$F39,1),0)) -> 0 | O39: =SUM(K39:N39) -> 42 | P39: Κληματαριά
A40: 43671 | B40: 0.89583333 | D40: Αγγούρι | E40: =IF(C40<>"",INDEX(ΣυνδΑθρ!$I$2:$I$96,MATCH(C40,ΣυνδΑθρ!$A$2:$A$100,0),1),IF(D40<>"",INDEX(Υλικά!$D$3:$D$140,MATCH(D40,Υλικά!$B$3:$B$140,0),1),"")) -> gr | F40: =IF(C40<>"",MATCH($C40,ΣυνδΑθρ!$A$2:$A$100,0),IF(D40<>"",MATCH($D40,Υλικά!$B$3:$B$130,0),0)) -> 17 | G40: 100 | H40: =IF($C40<>"",$G40*INDEX(ΣυνδΑθρ!$B$2:$B$96,$F40,1)/INDEX(ΣυνδΑθρ!$J$2:$J$96,$F40,1),IF($D40<>"",$G40*INDEX(Υλικά!$G$3:$G$130,$F40,1)/INDEX(Υλικά!$E$3:$E$130,$F40,1),0)) -> 0.7 | I40: =IF($C40<>"",$G40*INDEX(ΣυνδΑθρ!$C$2:$C$100,$F40,1)/INDEX(ΣυνδΑθρ!$J$2:$J$96,$F40,1),IF($D40<>"",$G40*INDEX(Υλικά!$H$3:$H$130,$F40,1)/INDEX(Υλικά!$E$3:$E$130,$F40,1),0)) -> 3.6 | J40: =IF($C40<>"",$G40*INDEX(ΣυνδΑθρ!$D$2:$D$96,$F40,1)/INDEX(ΣυνδΑθρ!$J$2:$J$96,$F40,1),IF($D40<>"",$G40*INDEX(Υλικά!$I$3:$I$130,$F40,1)/INDEX(Υλικά!$E$3:$E$130,$F40,1),0)) -> 0.1 | K40: =$H40*Ref!$B$2 -> 2.8 | L40: =$I40*Ref!$B$3 -> 14.4 | M40: =$J40*Ref!$B$4 -> 0.9 | N40: =IF($C40<>"",0,IF($D40<>"",$G40*INDEX(Υλικά!$J$3:$J$130,$F40,1)/INDEX(Υλικά!$E$3:$E$130,$F40,1),0)) -> 0 | O40: =SUM(K40:N40) -> 18.1 | P40: Κληματαριά
A41: 43671 | B41: 0.89583333 | D41: Φέτα | E41: =IF(C41<>"",INDEX(ΣυνδΑθρ!$I$2:$I$96,MATCH(C41,ΣυνδΑθρ!$A$2:$A$100,0),1),IF(D41<>"",INDEX(Υλικά!$D$3:$D$140,MATCH(D41,Υλικά!$B$3:$B$140,0),1),"")) -> gr | F41: =IF(C41<>"",MATCH($C41,ΣυνδΑθρ!$A$2:$A$100,0),IF(D41<>"",MATCH($D41,Υλικά!$B$3:$B$130,0),0)) -> 19 | G41: 50 | H41: =IF($C41<>"",$G41*INDEX(ΣυνδΑθρ!$B$2:$B$96,$F41,1)/INDEX(ΣυνδΑθρ!$J$2:$J$96,$F41,1),IF($D41<>"",$G41*INDEX(Υλικά!$G$3:$G$130,$F41,1)/INDEX(Υλικά!$E$3:$E$130,$F41,1),0)) -> 7.1 | I41: =IF($C41<>"",$G41*INDEX(ΣυνδΑθρ!$C$2:$C$100,$F41,1)/INDEX(ΣυνδΑθρ!$J$2:$J$96,$F41,1),IF($D41<>"",$G41*INDEX(Υλικά!$H$3:$H$130,$F41,1)/INDEX(Υλικά!$E$3:$E$130,$F41,1),0)) -> 2.05 | J41: =IF($C41<>"",$G41*INDEX(ΣυνδΑθρ!$D$2:$D$96,$F41,1)/INDEX(ΣυνδΑθρ!$J$2:$J$96,$F41,1),IF($D41<>"",$G41*INDEX(Υλικά!$I$3:$I$130,$F41,1)/INDEX(Υλικά!$E$3:$E$130,$F41,1),0)) -> 10.65 | K41: =$H41*Ref!$B$2 -> 28.4 | L41: =$I41*Ref!$B$3 -> 8.2 | M41: =$J41*Ref!$B$4 -> 95.85 | N41: =IF($C41<>"",0,IF($D41<>"",$G41*INDEX(Υλικά!$J$3:$J$130,$F41,1)/INDEX(Υλικά!$E$3:$E$130,$F41,1),0)) -> 0 | O41: =SUM(K41:N41) -> 132.45 | P41: Κληματαριά
A42: 43671 | B42: 0.89583333 | D42: Μπύρα 6% | E42: =IF(C42<>"",INDEX(ΣυνδΑθρ!$I$2:$I$96,MATCH(C42,ΣυνδΑθρ!$A$2:$A$100,0),1),IF(D42<>"",INDEX(Υλικά!$D$3:$D$140,MATCH(D42,Υλικά!$B$3:$B$140,0),1),"")) -> gr | F42: =IF(C42<>"",MATCH($C42,ΣυνδΑθρ!$A$2:$A$100,0),IF(D42<>"",MATCH($D42,Υλικά!$B$3:$B$130,0),0)) -> 36 | G42: 1000 | H42: =IF($C42<>"",$G42*INDEX(ΣυνδΑθρ!$B$2:$B$96,$F42,1)/INDEX(ΣυνδΑθρ!$J$2:$J$96,$F42,1),IF($D42<>"",$G42*INDEX(Υλικά!$G$3:$G$130,$F42,1)/INDEX(Υλικά!$E$3:$E$130,$F42,1),0)) -> 5 | I42: =IF($C42<>"",$G42*INDEX(ΣυνδΑθρ!$C$2:$C$100,$F42,1)/INDEX(ΣυνδΑθρ!$J$2:$J$96,$F42,1),IF($D42<>"",$G42*INDEX(Υλικά!$H$3:$H$130,$F42,1)/INDEX(Υλικά!$E$3:$E$130,$F42,1),0)) -> 36 | J42: =IF($C42<>"",$G42*INDEX(ΣυνδΑθρ!$D$2:$D$96,$F42,1)/INDEX(ΣυνδΑθρ!$J$2:$J$96,$F42,1),IF($D42<>"",$G42*INDEX(Υλικά!$I$3:$I$130,$F42,1)/INDEX(Υλικά!$E$3:$E$130,$F42,1),0)) -> 0 | K42: =$H42*Ref!$B$2 -> 20 | L42: =$I42*Ref!$B$3 -> 144 | M42: =$J42*Ref!$B$4 -> 0 | N42: =IF($C42<>"",0,IF($D42<>"",$G42*INDEX(Υλικά!$J$3:$J$130,$F42,1)/INDEX(Υλικά!$E$3:$E$130,$F42,1),0)) -> 430 | O42: =SUM(K42:N42) -> 594 | P42: Κληματαριά
A43: 43672 | B43: 0.35416667 | C43: Πρωινό Γάλα-Τοστ | E43: =IF(C43<>"",INDEX(ΣυνδΑθρ!$I$2:$I$96,MATCH(C43,ΣυνδΑθρ!$A$2:$A$100,0),1),IF(D43<>"",INDEX(Υλικά!$D$3:$D$140,MATCH(D43,Υλικά!$B$3:$B$140,0),1),"")) -> pc | F43: =IF(C43<>"",MATCH($C43,ΣυνδΑθρ!$A$2:$A$100,0),IF(D43<>"",MATCH($D43,Υλικά!$B$3:$B$130,0),0)) -> 3 | G43: 1 | H43: =IF($C43<>"",$G43*INDEX(ΣυνδΑθρ!$B$2:$B$96,$F43,1)/INDEX(ΣυνδΑθρ!$J$2:$J$96,$F43,1),IF($D43<>"",$G43*INDEX(Υλικά!$G$3:$G$130,$F43,1)/INDEX(Υλικά!$E$3:$E$130,$F43,1),0)) -> 23.3 | I43: =IF($C43<>"",$G43*INDEX(ΣυνδΑθρ!$C$2:$C$100,$F43,1)/INDEX(ΣυνδΑθρ!$J$2:$J$96,$F43,1),IF($D43<>"",$G43*INDEX(Υλικά!$H$3:$H$130,$F43,1)/INDEX(Υλικά!$E$3:$E$130,$F43,1),0)) -> 36.5 | J43: =IF($C43<>"",$G43*INDEX(ΣυνδΑθρ!$D$2:$D$96,$F43,1)/INDEX(ΣυνδΑθρ!$J$2:$J$96,$F43,1),IF($D43<>"",$G43*INDEX(Υλικά!$I$3:$I$130,$F43,1)/INDEX(Υλικά!$E$3:$E$130,$F43,1),0)) -> 11.6 | K43: =$H43*Ref!$B$2 -> 93.2 | L43: =$I43*Ref!$B$3 -> 146 | M43: =$J43*Ref!$B$4 -> 104.4 | N43: =IF($C43<>"",0,IF($D43<>"",$G43*INDEX(Υλικά!$J$3:$J$130,$F43,1)/INDEX(Υλικά!$E$3:$E$130,$F43,1),0)) -> 0 | O43: =SUM(K43:N43) -> 343.6
A44: 43672 | B44: 0.60416667 | C44: Μοσχάρι με Πιπεριές Πιλάφι | E44: =IF(C44<>"",INDEX(ΣυνδΑθρ!$I$2:$I$96,MATCH(C44,ΣυνδΑθρ!$A$2:$A$100,0),1),IF(D44<>"",INDEX(Υλικά!$D$3:$D$140,MATCH(D44,Υλικά!$B$3:$B$140,0),1),"")) -> gr | F44: =IF(C44<>"",MATCH($C44,ΣυνδΑθρ!$A$2:$A$100,0),IF(D44<>"",MATCH($D44,Υλικά!$B$3:$B$130,0),0)) -> 6 | G44: 350 | H44: =IF($C44<>"",$G44*INDEX(ΣυνδΑθρ!$B$2:$B$96,$F44,1)/INDEX(ΣυνδΑθρ!$J$2:$J$96,$F44,1),IF($D44<>"",$G44*INDEX(Υλικά!$G$3:$G$130,$F44,1)/INDEX(Υλικά!$E$3:$E$130,$F44,1),0)) -> 31.71 | I44: =IF($C44<>"",$G44*INDEX(ΣυνδΑθρ!$C$2:$C$100,$F44,1)/INDEX(ΣυνδΑθρ!$J$2:$J$96,$F44,1),IF($D44<>"",$G44*INDEX(Υλικά!$H$3:$H$130,$F44,1)/INDEX(Υλικά!$E$3:$E$130,$F44,1),0)) -> 27.813333 | J44: =IF($C44<>"",$G44*INDEX(ΣυνδΑθρ!$D$2:$D$96,$F44,1)/INDEX(ΣυνδΑθρ!$J$2:$J$96,$F44,1),IF($D44<>"",$G44*INDEX(Υλικά!$I$3:$I$130,$F44,1)/INDEX(Υλικά!$E$3:$E$130,$F44,1),0)) -> 15.223056 | K44: =$H44*Ref!$B$2 -> 126.84 | L44: =$I44*Ref!$B$3 -> 111.25333 | M44: =$J44*Ref!$B$4 -> 137.0075 | N44: =IF($C44<>"",0,IF($D44<>"",$G44*INDEX(Υλικά!$J$3:$J$130,$F44,1)/INDEX(Υλικά!$E$3:$E$130,$F44,1),0)) -> 0 | O44: =SUM(K44:N44) -> 375.10083
A45: 43672 | B45: 0.60416667 | D45: Γαλοτύρι Ηπείρου ΑΒ | E45: =IF(C45<>"",INDEX(ΣυνδΑθρ!$I$2:$I$96,MATCH(C45,ΣυνδΑθρ!$A$2:$A$100,0),1),IF(D45<>"",INDEX(Υλικά!$D$3:$D$140,MATCH(D45,Υλικά!$B$3:$B$140,0),1),"")) -> gr | F45: =IF(C45<>"",MATCH($C45,ΣυνδΑθρ!$A$2:$A$100,0),IF(D45<>"",MATCH($D45,Υλικά!$B$3:$B$130,0),0)) -> 22 | G45: 50 | H45: =IF($C45<>"",$G45*INDEX(ΣυνδΑθρ!$B$2:$B$96,$F45,1)/INDEX(ΣυνδΑθρ!$J$2:$J$96,$F45,1),IF($D45<>"",$G45*INDEX(Υλικά!$G$3:$G$130,$F45,1)/INDEX(Υλικά!$E$3:$E$130,$F45,1),0)) -> 5.75 | I45: =IF($C45<>"",$G45*INDEX(ΣυνδΑθρ!$C$2:$C$100,$F45,1)/INDEX(ΣυνδΑθρ!$J$2:$J$96,$F45,1),IF($D45<>"",$G45*INDEX(Υλικά!$H$3:$H$130,$F45,1)/INDEX(Υλικά!$E$3:$E$130,$F45,1),0)) -> 0.7 | J45: =IF($C45<>"",$G45*INDEX(ΣυνδΑθρ!$D$2:$D$96,$F45,1)/INDEX(ΣυνδΑθρ!$J$2:$J$96,$F45,1),IF($D45<>"",$G45*INDEX(Υλικά!$I$3:$I$130,$F45,1)/INDEX(Υλικά!$E$3:$E$130,$F45,1),0)) -> 6.2 | K45: =$H45*Ref!$B$2 -> 23 | L45: =$I45*Ref!$B$3 -> 2.8 | M45: =$J45*Ref!$B$4 -> 55.8 | N45: =IF($C45<>"",0,IF($D45<>"",$G45*INDEX(Υλικά!$J$3:$J$130,$F45,1)/INDEX(Υλικά!$E$3:$E$130,$F45,1),0)) -> 0 | O45: =SUM(K45:N45) -> 81.6
A46: 43672 | B46: 0.75 | D46: Παστέλι με Φυστίκι | E46: =IF(C46<>"",INDEX(ΣυνδΑθρ!$I$2:$I$96,MATCH(C46,ΣυνδΑθρ!$A$2:$A$100,0),1),IF(D46<>"",INDEX(Υλικά!$D$3:$D$140,MATCH(D46,Υλικά!$B$3:$B$140,0),1),"")) -> gr | F46: =IF(C46<>"",MATCH($C46,ΣυνδΑθρ!$A$2:$A$100,0),IF(D46<>"",MATCH($D46,Υλικά!$B$3:$B$130,0),0)) -> 31 | G46: 20 | H46: =IF($C46<>"",$G46*INDEX(ΣυνδΑθρ!$B$2:$B$96,$F46,1)/INDEX(ΣυνδΑθρ!$J$2:$J$96,$F46,1),IF($D46<>"",$G46*INDEX(Υλικά!$G$3:$G$130,$F46,1)/INDEX(Υλικά!$E$3:$E$130,$F46,1),0)) -> 2.2 | I46: =IF($C46<>"",$G46*INDEX(ΣυνδΑθρ!$C$2:$C$100,$F46,1)/INDEX(ΣυνδΑθρ!$J$2:$J$96,$F46,1),IF($D46<>"",$G46*INDEX(Υλικά!$H$3:$H$130,$F46,1)/INDEX(Υλικά!$E$3:$E$130,$F46,1),0)) -> 6.8 | J46: =IF($C46<>"",$G46*INDEX(ΣυνδΑθρ!$D$2:$D$96,$F46,1)/INDEX(ΣυνδΑθρ!$J$2:$J$96,$F46,1),IF($D46<>"",$G46*INDEX(Υλικά!$I$3:$I$130,$F46,1)/INDEX(Υλικά!$E$3:$E$130,$F46,1),0)) -> 2.2 | K46: =$H46*Ref!$B$2 -> 8.8 | L46: =$I46*Ref!$B$3 -> 27.2 | M46: =$J46*Ref!$B$4 -> 19.8 | N46: =IF($C46<>"",0,IF($D46<>"",$G46*INDEX(Υλικά!$J$3:$J$130,$F46,1)/INDEX(Υλικά!$E$3:$E$130,$F46,1),0)) -> 0 | O46: =SUM(K46:N46) -> 55.8
A47: 43672 | B47: 0.8125 | D47: Γαλοπούλα Καπνιστή CretaFarm | E47: =IF(C47<>"",INDEX(ΣυνδΑθρ!$I$2:$I$96,MATCH(C47,ΣυνδΑθρ!$A$2:$A$100,0),1),IF(D47<>"",INDEX(Υλικά!$D$3:$D$140,MATCH(D47,Υλικά!$B$3:$B$140,0),1),"")) -> slc | F47: =IF(C47<>"",MATCH($C47,ΣυνδΑθρ!$A$2:$A$100,0),IF(D47<>"",MATCH($D47,Υλικά!$B$3:$B$130,0),0)) -> 7 | G47: 3 | H47: =IF($C47<>"",$G47*INDEX(ΣυνδΑθρ!$B$2:$B$96,$F47,1)/INDEX(ΣυνδΑθρ!$J$2:$J$96,$F47,1),IF($D47<>"",$G47*INDEX(Υλικά!$G$3:$G$130,$F47,1)/INDEX(Υλικά!$E$3:$E$130,$F47,1),0)) -> 8.4 | I47: =IF($C47<>"",$G47*INDEX(ΣυνδΑθρ!$C$2:$C$100,$F47,1)/INDEX(ΣυνδΑθρ!$J$2:$J$96,$F47,1),IF($D47<>"",$G47*INDEX(Υλικά!$H$3:$H$130,$F47,1)/INDEX(Υλικά!$E$3:$E$130,$F47,1),0)) -> 2.4 | J47: =IF($C47<>"",$G47*INDEX(ΣυνδΑθρ!$D$2:$D$96,$F47,1)/INDEX(ΣυνδΑθρ!$J$2:$J$96,$F47,1),IF($D47<>"",$G47*INDEX(Υλικά!$I$3:$I$130,$F47,1)/INDEX(Υλικά!$E$3:$E$130,$F47,1),0)) -> 1.2 | K47: =$H47*Ref!$B$2 -> 33.6 | L47: =$I47*Ref!$B$3 -> 9.6 | M47: =$J47*Ref!$B$4 -> 10.8 | N47: =IF($C47<>"",0,IF($D47<>"",$G47*INDEX(Υλικά!$J$3:$J$130,$F47,1)/INDEX(Υλικά!$E$3:$E$130,$F47,1),0)) -> 0 | O47: =SUM(K47:N47) -> 54
A48: 43672 | B48: 0.88541667 | C48: Τόνος Κόρμα | E48: =IF(C48<>"",INDEX(ΣυνδΑθρ!$I$2:$I$96,MATCH(C48,ΣυνδΑθρ!$A$2:$A$100,0),1),IF(D48<>"",INDEX(Υλικά!$D$3:$D$140,MATCH(D48,Υλικά!$B$3:$B$140,0),1),"")) -> gr | F48: =IF(C48<>"",MATCH($C48,ΣυνδΑθρ!$A$2:$A$100,0),IF(D48<>"",MATCH($D48,Υλικά!$B$3:$B$130,0),0)) -> 8 | G48: 337 | H48: =IF($C48<>"",$G48*INDEX(ΣυνδΑθρ!$B$2:$B$96,$F48,1)/INDEX(ΣυνδΑθρ!$J$2:$J$96,$F48,1),IF($D48<>"",$G48*INDEX(Υλικά!$G$3:$G$130,$F48,1)/INDEX(Υλικά!$E$3:$E$130,$F48,1),0)) -> 27.138938 | I48: =IF($C48<>"",$G48*INDEX(ΣυνδΑθρ!$C$2:$C$100,$F48,1)/INDEX(ΣυνδΑθρ!$J$2:$J$96,$F48,1),IF($D48<>"",$G48*INDEX(Υλικά!$H$3:$H$130,$F48,1)/INDEX(Υλικά!$E$3:$E$130,$F48,1),0)) -> 46.474189 | J48: =IF($C48<>"",$G48*INDEX(ΣυνδΑθρ!$D$2:$D$96,$F48,1)/INDEX(ΣυνδΑθρ!$J$2:$J$96,$F48,1),IF($D48<>"",$G48*INDEX(Υλικά!$I$3:$I$130,$F48,1)/INDEX(Υλικά!$E$3:$E$130,$F48,1),0)) -> 5.8303982 | K48: =$H48*Ref!$B$2 -> 108.55575 | L48: =$I48*Ref!$B$3 -> 185.89676 | M48: =$J48*Ref!$B$4 -> 52.473584 | N48: =IF($C48<>"",0,IF($D48<>"",$G48*INDEX(Υλικά!$J$3:$J$130,$F48,1)/INDEX(Υλικά!$E$3:$E$130,$F48,1),0)) -> 0 | O48: =SUM(K48:N48) -> 346.92609
A49: 43672 | B49: 0.010416667 | D49: Φυστίκια Αράπικα Μικρές Φάρμες | E49: =IF(C49<>"",INDEX(ΣυνδΑθρ!$I$2:$I$96,MATCH(C49,ΣυνδΑθρ!$A$2:$A$100,0),1),IF(D49<>"",INDEX(Υλικά!$D$3:$D$140,MATCH(D49,Υλικά!$B$3:$B$140,0),1),"")) -> gr | F49: =IF(C49<>"",MATCH($C49,ΣυνδΑθρ!$A$2:$A$100,0),IF(D49<>"",MATCH($D49,Υλικά!$B$3:$B$130,0),0)) -> 24 | G49: 20 | H49: =IF($C49<>"",$G49*INDEX(ΣυνδΑθρ!$B$2:$B$96,$F49,1)/INDEX(ΣυνδΑθρ!$J$2:$J$96,$F49,1),IF($D49<>"",$G49*INDEX(Υλικά!$G$3:$G$130,$F49,1)/INDEX(Υλικά!$E$3:$E$130,$F49,1),0)) -> 4.74 | I49: =IF($C49<>"",$G49*INDEX(ΣυνδΑθρ!$C$2:$C$100,$F49,1)/INDEX(ΣυνδΑθρ!$J$2:$J$96,$F49,1),IF($D49<>"",$G49*INDEX(Υλικά!$H$3:$H$130,$F49,1)/INDEX(Υλικά!$E$3:$E$130,$F49,1),0)) -> 4.3 | J49: =IF($C49<>"",$G49*INDEX(ΣυνδΑθρ!$D$2:$D$96,$F49,1)/INDEX(ΣυνδΑθρ!$J$2:$J$96,$F49,1),IF($D49<>"",$G49*INDEX(Υλικά!$I$3:$I$130,$F49,1)/INDEX(Υλικά!$E$3:$E$130,$F49,1),0)) -> 9.94 | K49: =$H49*Ref!$B$2 -> 18.96 | L49: =$I49*Ref!$B$3 -> 17.2 | M49: =$J49*Ref!$B$4 -> 89.46 | N49: =IF($C49<>"",0,IF($D49<>"",$G49*INDEX(Υλικά!$J$3:$J$130,$F49,1)/INDEX(Υλικά!$E$3:$E$130,$F49,1),0)) -> 0 | O49: =SUM(K49:N49) -> 125.62
A50: 43672 | B50: 0.010416667 | D50: Κρασί 10% | E50: =IF(C50<>"",INDEX(ΣυνδΑθρ!$I$2:$I$96,MATCH(C50,ΣυνδΑθρ!$A$2:$A$100,0),1),IF(D50<>"",INDEX(Υλικά!$D$3:$D$140,MATCH(D50,Υλικά!$B$3:$B$140,0),1),"")) -> gr | F50: =IF(C50<>"",MATCH($C50,ΣυνδΑθρ!$A$2:$A$100,0),IF(D50<>"",MATCH($D50,Υλικά!$B$3:$B$130,0),0)) -> 37 | G50: 100 | H50: =IF($C50<>"",$G50*INDEX(ΣυνδΑθρ!$B$2:$B$96,$F50,1)/INDEX(ΣυνδΑθρ!$J$2:$J$96,$F50,1),IF($D50<>"",$G50*INDEX(Υλικά!$G$3:$G$130,$F50,1)/INDEX(Υλικά!$E$3:$E$130,$F50,1),0)) -> 0 | I50: =IF($C50<>"",$G50*INDEX(ΣυνδΑθρ!$C$2:$C$100,$F50,1)/INDEX(ΣυνδΑθρ!$J$2:$J$96,$F50,1),IF($D50<>"",$G50*INDEX(Υλικά!$H$3:$H$130,$F50,1)/INDEX(Υλικά!$E$3:$E$130,$F50,1),0)) -> 0 | J50: =IF($C50<>"",$G50*INDEX(ΣυνδΑθρ!$D$2:$D$96,$F50,1)/INDEX(ΣυνδΑθρ!$J$2:$J$96,$F50,1),IF($D50<>"",$G50*INDEX(Υλικά!$I$3:$I$130,$F50,1)/INDEX(Υλικά!$E$3:$E$130,$F50,1),0)) -> 0 | K50: =$H50*Ref!$B$2 -> 0 | L50: =$I50*Ref!$B$3 -> 0 | M50: =$J50*Ref!$B$4 -> 0 | N50: =IF($C50<>"",0,IF($D50<>"",$G50*INDEX(Υλικά!$J$3:$J$130,$F50,1)/INDEX(Υλικά!$E$3:$E$130,$F50,1),0)) -> 85 | O50: =SUM(K50:N50) -> 85
